{
    "eta": 0.996,
    "alpha": 52.96,
    "K": [
        0.15238206058839737,
        0.0071659120271265215,
        0.029996724635504998,
        0.06040482585862517,
        0.16034112059526653,
        0.15522396609763867,
        0.5194892477898724
    ],
    "L": [
        7.749999999999999e-05,
        6.2e-05,
        6.2e-05,
        7.749999999999999e-05,
        7.749999999999999e-05,
        7.749999999999999e-05
    ],
    "n_eff": 2.2,
    "n_g": 4.4,
    "center_wavelength": 1.55e-06
}