{
    "eta": 0.996,
    "alpha": 11.51,
    "K": [
        0.5983902366916005,
        0.07972977132186017,
        0.033658072128727415,
        0.050926772378571045,
        0.039354626585679744,
        0.1253709742667274,
        0.5700172401890086
    ],
    "L": [
        6.2e-05,
        6.2e-05,
        6.2e-05,
        7.749999999999999e-05,
        7.749999999999999e-05,
        7.749999999999999e-05
    ],
    "n_eff": 2.2,
    "n_g": 4.4,
    "center_wavelength": 1.55e-06
}