{
    "eta": 0.996,
    "alpha": 11.51,
    "K": [
        0.49687176942601174,
        0.07301473709271677,
        0.16606511340913782,
        0.7749456772441838,
        0.43347441277333554,
        0.10445441193101573,
        0.3116155005651562
    ],
    "L": [
        6.2e-05,
        6.2e-05,
        7.749999999999999e-05,
        7.749999999999999e-05,
        7.749999999999999e-05,
        7.749999999999999e-05
    ],
    "n_eff": 2.2,
    "n_g": 4.4,
    "center_wavelength": 1.55e-06
}