{
    "eta": 0.996,
    "alpha": 52.96,
    "K": [
        0.39489472400804726,
        0.10047536441355337,
        0.4326032437906145,
        0.3315776950189778,
        0.09450417537855765,
        0.117244717341696,
        0.43989267008339183
    ],
    "L": [
        6.2e-05,
        6.2e-05,
        7.749999999999999e-05,
        7.749999999999999e-05,
        7.749999999999999e-05,
        7.749999999999999e-05
    ],
    "n_eff": 2.2,
    "n_g": 4.4,
    "center_wavelength": 1.55e-06
}