{
    "eta": 0.996,
    "alpha": 52.96,
    "K": [
        0.5737285078169025,
        0.11646948378657326,
        0.06030731098181196,
        0.03632242207867769,
        0.03072480664975227,
        0.04770051561001925,
        0.3765564258396096
    ],
    "L": [
        8.243181818181816e-05,
        8.243181818181816e-05,
        8.243181818181816e-05,
        5.495454545454545e-05,
        5.495454545454545e-05,
        5.495454545454545e-05
    ],
    "n_eff": 2.2,
    "n_g": 4.4,
    "center_wavelength": 1.55e-06
}