{
    "eta": 0.996,
    "alpha": 52.96,
    "K": [
        0.2360317581712862,
        0.013161398714848338,
        0.07696059776408859,
        0.044962510581320614,
        0.07438876267080141,
        0.1331977155647004,
        0.6259246755740545
    ],
    "L": [
        6.2e-05,
        6.2e-05,
        7.749999999999999e-05,
        7.749999999999999e-05,
        7.749999999999999e-05,
        7.749999999999999e-05
    ],
    "n_eff": 2.2,
    "n_g": 4.4,
    "center_wavelength": 1.55e-06
}