{
    "eta": 0.996,
    "alpha": 11.51,
    "K": [
        0.41718626472105247,
        0.035366133662315696,
        0.012064631198495908,
        0.023997042879359807,
        0.3590913798544927,
        0.9522313884102815,
        0.74529424011907
    ],
    "L": [
        7.749999999999999e-05,
        7.749999999999999e-05,
        6.2e-05,
        6.2e-05,
        7.749999999999999e-05,
        6.2e-05
    ],
    "n_eff": 2.2,
    "n_g": 4.4,
    "center_wavelength": 1.55e-06
}