{
    "eta": 0.996,
    "alpha": 11.51,
    "K": [
        0.10197935405404483,
        0.025520667245644786,
        0.024028813828082866,
        0.039778529484807285,
        0.08599685322970621,
        0.37555523683000464,
        0.9292524047220617
    ],
    "L": [
        6.2e-05,
        6.2e-05,
        7.749999999999999e-05,
        7.749999999999999e-05,
        7.749999999999999e-05,
        7.749999999999999e-05
    ],
    "n_eff": 2.2,
    "n_g": 4.4,
    "center_wavelength": 1.55e-06
}