{
    "eta": 0.996,
    "alpha": 52.96,
    "K": [
        0.488826324610447,
        0.07385813738620738,
        0.06958762091362372,
        0.050427270532054196,
        0.018520387830916155,
        0.07014332797618288,
        0.3614531972384665
    ],
    "L": [
        9.299999999999998e-05,
        9.299999999999998e-05,
        9.299999999999998e-05,
        7.749999999999999e-05,
        7.749999999999999e-05,
        7.749999999999999e-05
    ],
    "n_eff": 2.2,
    "n_g": 4.4,
    "center_wavelength": 1.55e-06
}