{
    "eta": 0.996,
    "alpha": 11.51,
    "K": [
        0.3031136618502672,
        0.013241199399467269,
        0.007652159261136235,
        0.021052313410708696,
        0.053971735110950735,
        0.08504769738529752,
        0.2140299409037774
    ],
    "L": [
        6.2e-05,
        6.2e-05,
        7.749999999999999e-05,
        7.749999999999999e-05,
        7.749999999999999e-05,
        7.749999999999999e-05
    ],
    "n_eff": 2.2,
    "n_g": 4.4,
    "center_wavelength": 1.55e-06
}