{
    "eta": 0.996,
    "alpha": 11.51,
    "K": [
        0.47988370009192033,
        0.07686211513218427,
        0.09814159980796816,
        0.3515875757027892,
        0.3029928812632088,
        0.11458066069342354,
        0.32701172089269126
    ],
    "L": [
        6.2e-05,
        7.749999999999999e-05,
        7.749999999999999e-05,
        6.2e-05,
        6.2e-05,
        6.2e-05
    ],
    "n_eff": 2.2,
    "n_g": 4.4,
    "center_wavelength": 1.55e-06
}