{
    "eta": 0.996,
    "alpha": 11.51,
    "K": [
        0.5623605245969449,
        0.0971909570512886,
        0.12011623219886686,
        0.6042016246700193,
        0.5351536120138324,
        0.13278041012189978,
        0.32314014087179477
    ],
    "L": [
        7.749999999999999e-05,
        7.749999999999999e-05,
        7.749999999999999e-05,
        6.2e-05,
        7.749999999999999e-05,
        6.2e-05
    ],
    "n_eff": 2.2,
    "n_g": 4.4,
    "center_wavelength": 1.55e-06
}