{
    "eta": 0.996,
    "alpha": 11.51,
    "K": [
        0.23213939035319436,
        0.0618391778113892,
        0.00895593763857927,
        0.07211261746397901,
        0.2783339701504074,
        0.3762636815607737,
        0.7284865636769648
    ],
    "L": [
        6.2e-05,
        6.2e-05,
        7.749999999999999e-05,
        7.749999999999999e-05,
        7.749999999999999e-05,
        7.749999999999999e-05
    ],
    "n_eff": 2.2,
    "n_g": 4.4,
    "center_wavelength": 1.55e-06
}