{
    "eta": 0.996,
    "alpha": 11.51,
    "K": [
        0.5816671030327313,
        0.11124430243285242,
        0.15060983668768593,
        0.5850368598281955,
        0.40685167405789735,
        0.09971603116073827,
        0.281445773788704
    ],
    "L": [
        7.749999999999999e-05,
        7.749999999999999e-05,
        7.749999999999999e-05,
        6.2e-05,
        7.749999999999999e-05,
        6.2e-05
    ],
    "n_eff": 2.2,
    "n_g": 4.4,
    "center_wavelength": 1.55e-06
}