{
    "eta": 0.996,
    "alpha": 52.96,
    "K": [
        0.4077357315497093,
        0.05148242694644744,
        0.02909109557673045,
        0.026147133365345212,
        0.03802830296878849,
        0.09180237955954597,
        0.12327858872541568
    ],
    "L": [
        6.2e-05,
        6.2e-05,
        6.2e-05,
        6.2e-05,
        7.749999999999999e-05,
        7.749999999999999e-05
    ],
    "n_eff": 2.2,
    "n_g": 4.4,
    "center_wavelength": 1.55e-06
}