{
    "eta": 0.996,
    "alpha": 52.96,
    "K": [
        0.45659594766970346,
        0.032043325996165765,
        0.05759630658485942,
        0.045729486402341625,
        0.07805816432468027,
        0.2154527026033481,
        0.7972199981847784
    ],
    "L": [
        6.2e-05,
        6.2e-05,
        7.749999999999999e-05,
        7.749999999999999e-05,
        7.749999999999999e-05,
        7.749999999999999e-05
    ],
    "n_eff": 2.2,
    "n_g": 4.4,
    "center_wavelength": 1.55e-06
}