{
    "eta": 0.996,
    "alpha": 52.96,
    "K": [
        0.3116031362391457,
        0.006831501505852766,
        0.10563131967092082,
        0.03880396766205402,
        0.07418303016670275,
        0.16162495632891138,
        0.7136610995969335
    ],
    "L": [
        9.299999999999998e-05,
        9.299999999999998e-05,
        7.749999999999999e-05,
        7.749999999999999e-05,
        7.749999999999999e-05,
        7.749999999999999e-05
    ],
    "n_eff": 2.2,
    "n_g": 4.4,
    "center_wavelength": 1.55e-06
}