{
    "eta": 0.996,
    "alpha": 11.51,
    "K": [
        0.1039450759256077,
        0.04127431242371072,
        0.03667699634819615,
        0.04771073267953733,
        0.06223287573767036,
        0.15250567296820539,
        0.6790108572092647
    ],
    "L": [
        6.2e-05,
        6.2e-05,
        7.749999999999999e-05,
        7.749999999999999e-05,
        7.749999999999999e-05,
        7.749999999999999e-05
    ],
    "n_eff": 2.2,
    "n_g": 4.4,
    "center_wavelength": 1.55e-06
}