{
    "eta": 0.996,
    "alpha": 11.51,
    "K": [
        0.3386465671723724,
        0.3058784136264685,
        0.6875122527588976,
        0.2795392325447519,
        0.06683294119089092,
        0.10711129244851177,
        0.591410740782172
    ],
    "L": [
        6.2e-05,
        6.2e-05,
        7.749999999999999e-05,
        7.749999999999999e-05,
        7.749999999999999e-05,
        7.749999999999999e-05
    ],
    "n_eff": 2.2,
    "n_g": 4.4,
    "center_wavelength": 1.55e-06
}