{
    "eta": 0.996,
    "alpha": 11.51,
    "K": [
        0.9788422479263531,
        0.4605389240660264,
        0.08062116449120009,
        0.034554911391051525,
        0.03529683980036545,
        0.058474498692035165,
        0.15344320433487574
    ],
    "L": [
        7.749999999999999e-05,
        6.2e-05,
        6.2e-05,
        6.2e-05,
        7.749999999999999e-05,
        7.749999999999999e-05
    ],
    "n_eff": 2.2,
    "n_g": 4.4,
    "center_wavelength": 1.55e-06
}