{
    "eta": 0.996,
    "alpha": 52.96,
    "K": [
        0.06734119418655543,
        0.06971233160847978,
        0.023976209861797604,
        0.023322911211770547,
        0.0304834092936625,
        0.07568182776152615,
        0.5218895778155909
    ],
    "L": [
        6.2e-05,
        6.2e-05,
        7.749999999999999e-05,
        6.2e-05,
        7.749999999999999e-05,
        7.749999999999999e-05
    ],
    "n_eff": 2.2,
    "n_g": 4.4,
    "center_wavelength": 1.55e-06
}