{
    "eta": 0.996,
    "alpha": 11.51,
    "K": [
        0.5547078401101737,
        0.09060451364468203,
        0.05159989625117955,
        0.21549761542023876,
        0.5755210219640695,
        0.37446666187983707,
        0.4690366353006256
    ],
    "L": [
        7.749999999999999e-05,
        7.749999999999999e-05,
        6.2e-05,
        7.749999999999999e-05,
        7.749999999999999e-05,
        7.749999999999999e-05
    ],
    "n_eff": 2.2,
    "n_g": 4.4,
    "center_wavelength": 1.55e-06
}