{
    "eta": 0.996,
    "alpha": 52.96,
    "K": [
        0.506471897449996,
        0.06073371445976533,
        0.044290207080383504,
        0.0625553517655642,
        0.036473603047195824,
        0.12477967034539789,
        0.5150236425261895
    ],
    "L": [
        6.2e-05,
        6.2e-05,
        7.749999999999999e-05,
        7.749999999999999e-05,
        7.749999999999999e-05,
        7.749999999999999e-05
    ],
    "n_eff": 2.2,
    "n_g": 4.4,
    "center_wavelength": 1.55e-06
}