{
    "eta": 0.996,
    "alpha": 52.96,
    "K": [
        0.5022708049483983,
        0.18876423062754416,
        0.4359557996523904,
        0.22695051736857785,
        0.07746203858160666,
        0.11226754756103652,
        0.4577075352521211
    ],
    "L": [
        7.749999999999999e-05,
        6.2e-05,
        6.2e-05,
        7.749999999999999e-05,
        7.749999999999999e-05,
        7.749999999999999e-05
    ],
    "n_eff": 2.2,
    "n_g": 4.4,
    "center_wavelength": 1.55e-06
}