{
    "eta": 0.996,
    "alpha": 52.96,
    "K": [
        0.22889138542075615,
        0.0405207855678823,
        0.015973226425724296,
        0.023820780441116185,
        0.08105384780149838,
        0.03836179613752966,
        0.2935998269163348
    ],
    "L": [
        0.00032972727272727266,
        0.000494590909090909,
        0.0002472954545454545,
        0.000989181818181818,
        0.0004396363636363636,
        0.0004396363636363636
    ],
    "n_eff": 2.2,
    "n_g": 4.4,
    "center_wavelength": 1.55e-06
}