{
    "eta": 0.996,
    "alpha": 11.51,
    "K": [
        0.48519573996041704,
        0.08024211100730971,
        0.0950840675285779,
        0.355909254681255,
        0.2846257669323371,
        0.11844886993688686,
        0.3735082305039117
    ],
    "L": [
        6.2e-05,
        7.749999999999999e-05,
        6.2e-05,
        6.2e-05,
        6.2e-05,
        7.749999999999999e-05
    ],
    "n_eff": 2.2,
    "n_g": 4.4,
    "center_wavelength": 1.55e-06
}