{
    "eta": 0.996,
    "alpha": 11.51,
    "K": [
        0.885637040186822,
        0.31628560490954905,
        0.08995467310081101,
        0.04076703952781052,
        0.0378225998771249,
        0.08720525058763628,
        0.3379119719754142
    ],
    "L": [
        7.749999999999999e-05,
        7.749999999999999e-05,
        7.749999999999999e-05,
        6.2e-05,
        7.749999999999999e-05,
        7.749999999999999e-05
    ],
    "n_eff": 2.2,
    "n_g": 4.4,
    "center_wavelength": 1.55e-06
}