{
    "eta": 0.996,
    "alpha": 11.51,
    "K": [
        0.28135219787924776,
        0.06850743068660217,
        0.08778667882044901,
        0.18517302054753926,
        0.19608296983460563,
        0.1686172324813596,
        0.5957183193468617
    ],
    "L": [
        6.2e-05,
        7.749999999999999e-05,
        7.749999999999999e-05,
        7.749999999999999e-05,
        7.749999999999999e-05,
        7.749999999999999e-05
    ],
    "n_eff": 2.2,
    "n_g": 4.4,
    "center_wavelength": 1.55e-06
}