{
    "eta": 0.996,
    "alpha": 11.51,
    "K": [
        0.45235601372529927,
        0.03323395663091751,
        0.004631333279047366,
        0.11196685890963654,
        0.11346985833094196,
        0.5156855769309204,
        0.8301621389924819
    ],
    "L": [
        6.2e-05,
        6.2e-05,
        7.749999999999999e-05,
        7.749999999999999e-05,
        7.749999999999999e-05,
        7.749999999999999e-05
    ],
    "n_eff": 2.2,
    "n_g": 4.4,
    "center_wavelength": 1.55e-06
}