{
    "eta": 0.996,
    "alpha": 11.51,
    "K": [
        0.5659094907928571,
        0.10494437337611975,
        0.1611274347743792,
        0.4842774351634212,
        0.22710496263090957,
        0.09848419282473667,
        0.370850679795764
    ],
    "L": [
        7.749999999999999e-05,
        7.749999999999999e-05,
        7.749999999999999e-05,
        6.2e-05,
        6.2e-05,
        7.749999999999999e-05
    ],
    "n_eff": 2.2,
    "n_g": 4.4,
    "center_wavelength": 1.55e-06
}