{
    "eta": 0.996,
    "alpha": 11.51,
    "K": [
        0.12033646006364451,
        0.03673940071448778,
        0.0504495987252328,
        0.056539273288051695,
        0.07795093029777789,
        0.16965082680024346,
        0.700121075538245
    ],
    "L": [
        6.2e-05,
        6.2e-05,
        7.749999999999999e-05,
        7.749999999999999e-05,
        7.749999999999999e-05,
        7.749999999999999e-05
    ],
    "n_eff": 2.2,
    "n_g": 4.4,
    "center_wavelength": 1.55e-06
}