{
    "eta": 0.996,
    "alpha": 11.51,
    "K": [
        0.3820859646877444,
        0.17250877300495732,
        0.5196901920171978,
        0.5191126740332186,
        0.08649467653633697,
        0.07800730953039392,
        0.5641763030439741
    ],
    "L": [
        7.749999999999999e-05,
        7.749999999999999e-05,
        6.2e-05,
        7.749999999999999e-05,
        6.2e-05,
        7.749999999999999e-05
    ],
    "n_eff": 2.2,
    "n_g": 4.4,
    "center_wavelength": 1.55e-06
}