{
    "eta": 0.996,
    "alpha": 11.51,
    "K": [
        0.2944060934924023,
        0.06541764800068145,
        0.10028546353680984,
        0.36231508271927493,
        0.2773237107662986,
        0.13677311081325438,
        0.5489127844131859
    ],
    "L": [
        7.749999999999999e-05,
        6.2e-05,
        6.2e-05,
        6.2e-05,
        7.749999999999999e-05,
        6.2e-05
    ],
    "n_eff": 2.2,
    "n_g": 4.4,
    "center_wavelength": 1.55e-06
}