{
    "eta": 0.996,
    "alpha": 52.96,
    "K": [
        0.10566588140335875,
        0.03756027441212623,
        0.0452056347347336,
        0.049187146443175456,
        0.06491991596092173,
        0.13761148792990413,
        0.6502400956909171
    ],
    "L": [
        6.2e-05,
        6.2e-05,
        7.749999999999999e-05,
        7.749999999999999e-05,
        7.749999999999999e-05,
        7.749999999999999e-05
    ],
    "n_eff": 2.2,
    "n_g": 4.4,
    "center_wavelength": 1.55e-06
}