{
    "eta": 0.996,
    "alpha": 11.51,
    "K": [
        0.3233796741106429,
        0.08570524364883347,
        0.20842224107502744,
        0.7914631706760529,
        0.3883317311543468,
        0.12673210180366928,
        0.6065662910937637
    ],
    "L": [
        7.749999999999999e-05,
        7.749999999999999e-05,
        7.749999999999999e-05,
        7.749999999999999e-05,
        6.2e-05,
        7.749999999999999e-05
    ],
    "n_eff": 2.2,
    "n_g": 4.4,
    "center_wavelength": 1.55e-06
}