{
    "eta": 0.996,
    "alpha": 11.51,
    "K": [
        0.2215024177035801,
        0.06666129447061696,
        0.18123446347515948,
        0.5210706074521928,
        0.300637888656818,
        0.13453469828047912,
        0.5485240616347979
    ],
    "L": [
        6.2e-05,
        7.749999999999999e-05,
        7.749999999999999e-05,
        7.749999999999999e-05,
        7.749999999999999e-05,
        6.2e-05
    ],
    "n_eff": 2.2,
    "n_g": 4.4,
    "center_wavelength": 1.55e-06
}