{
    "eta": 0.996,
    "alpha": 11.51,
    "K": [
        0.617037164281267,
        0.4257388380529214,
        0.22644372833910947,
        0.08916680365049112,
        0.04366108083142406,
        0.07358916233061236,
        0.5616025605215569
    ],
    "L": [
        6.2e-05,
        6.2e-05,
        6.2e-05,
        7.749999999999999e-05,
        6.2e-05,
        7.749999999999999e-05
    ],
    "n_eff": 2.2,
    "n_g": 4.4,
    "center_wavelength": 1.55e-06
}