{
    "eta": 0.996,
    "alpha": 11.51,
    "K": [
        0.33240044379367273,
        0.0747946402786282,
        0.13512842021279448,
        0.39237631720315214,
        0.20894714254046143,
        0.10666558470085696,
        0.514216476537039
    ],
    "L": [
        7.749999999999999e-05,
        6.2e-05,
        6.2e-05,
        6.2e-05,
        7.749999999999999e-05,
        6.2e-05
    ],
    "n_eff": 2.2,
    "n_g": 4.4,
    "center_wavelength": 1.55e-06
}