{
    "eta": 0.996,
    "alpha": 52.96,
    "K": [
        0.3264129121473807,
        0.13687840005989396,
        0.3505985743039783,
        0.36020409306577356,
        0.08595164884505858,
        0.09024507817360984,
        0.5505200323964302
    ],
    "L": [
        6.2e-05,
        6.2e-05,
        7.749999999999999e-05,
        7.749999999999999e-05,
        7.749999999999999e-05,
        7.749999999999999e-05
    ],
    "n_eff": 2.2,
    "n_g": 4.4,
    "center_wavelength": 1.55e-06
}