{
    "eta": 0.996,
    "alpha": 52.96,
    "K": [
        0.7048713497127179,
        0.7784675856547956,
        0.43189898290984613,
        0.215329339873773,
        0.03383933282422785,
        0.08314174013564518,
        0.572259439801656
    ],
    "L": [
        6.2e-05,
        6.2e-05,
        7.749999999999999e-05,
        7.749999999999999e-05,
        7.749999999999999e-05,
        7.749999999999999e-05
    ],
    "n_eff": 2.2,
    "n_g": 4.4,
    "center_wavelength": 1.55e-06
}