{
    "eta": 0.996,
    "alpha": 11.51,
    "K": [
        0.38035150345294266,
        0.3070283066819136,
        0.6246885441694282,
        0.26557373402786233,
        0.06439832109624322,
        0.09702166943223789,
        0.57014055049079
    ],
    "L": [
        6.2e-05,
        6.2e-05,
        7.749999999999999e-05,
        7.749999999999999e-05,
        7.749999999999999e-05,
        7.749999999999999e-05
    ],
    "n_eff": 2.2,
    "n_g": 4.4,
    "center_wavelength": 1.55e-06
}