{
    "eta": 0.996,
    "alpha": 11.51,
    "K": [
        0.7511267697010924,
        0.4294782631043194,
        0.452885853132459,
        0.2077166450320277,
        0.06991840779386932,
        0.05900214348495603,
        0.2409147381758054
    ],
    "L": [
        7.749999999999999e-05,
        7.749999999999999e-05,
        7.749999999999999e-05,
        7.749999999999999e-05,
        7.749999999999999e-05,
        6.2e-05
    ],
    "n_eff": 2.2,
    "n_g": 4.4,
    "center_wavelength": 1.55e-06
}