{
    "eta": 0.996,
    "alpha": 52.96,
    "K": [
        0.18168030349203387,
        0.031147532952071216,
        0.0191648522387694,
        0.025441627843391306,
        0.028739979298588382,
        0.04681834116187733,
        0.35584360369942036
    ],
    "L": [
        6.2e-05,
        6.2e-05,
        7.749999999999999e-05,
        6.2e-05,
        7.749999999999999e-05,
        7.749999999999999e-05
    ],
    "n_eff": 2.2,
    "n_g": 4.4,
    "center_wavelength": 1.55e-06
}