{
    "eta": 0.996,
    "alpha": 52.96,
    "K": [
        0.4385400051703632,
        0.4871575674702433,
        0.7021932890984091,
        0.5015194208436075,
        0.037369685145984266,
        0.10661897426365435,
        0.6542943668106009
    ],
    "L": [
        6.2e-05,
        6.2e-05,
        7.749999999999999e-05,
        7.749999999999999e-05,
        7.749999999999999e-05,
        7.749999999999999e-05
    ],
    "n_eff": 2.2,
    "n_g": 4.4,
    "center_wavelength": 1.55e-06
}