{
    "eta": 0.996,
    "alpha": 52.96,
    "K": [
        0.7371652702070909,
        0.27951557777360236,
        0.13628143727390946,
        0.056247941400334234,
        0.05787520153926673,
        0.20750405936219463,
        0.7836575974592775
    ],
    "L": [
        0.0001705,
        0.0001705,
        7.749999999999999e-05,
        7.749999999999999e-05,
        7.749999999999999e-05,
        0.0001705
    ],
    "n_eff": 2.2,
    "n_g": 4.4,
    "center_wavelength": 1.55e-06
}