{
    "eta": 0.996,
    "alpha": 11.51,
    "K": [
        0.5279854764649013,
        0.19015631380818437,
        0.48855549650355257,
        0.3694152422095735,
        0.0680800920830219,
        0.06932977599253914,
        0.3572569152151275
    ],
    "L": [
        6.2e-05,
        7.749999999999999e-05,
        6.2e-05,
        7.749999999999999e-05,
        6.2e-05,
        7.749999999999999e-05
    ],
    "n_eff": 2.2,
    "n_g": 4.4,
    "center_wavelength": 1.55e-06
}