{
    "eta": 0.996,
    "alpha": 11.51,
    "K": [
        0.07578957818776605,
        0.042452557821345084,
        0.04161916475294214,
        0.06128258927925432,
        0.09873546004026612,
        0.29859473392821795,
        0.8593395393065784
    ],
    "L": [
        6.2e-05,
        6.2e-05,
        7.749999999999999e-05,
        7.749999999999999e-05,
        7.749999999999999e-05,
        7.749999999999999e-05
    ],
    "n_eff": 2.2,
    "n_g": 4.4,
    "center_wavelength": 1.55e-06
}