{
    "eta": 0.996,
    "alpha": 11.51,
    "K": [
        0.09643585889251843,
        0.047724213996330866,
        0.03884350458584024,
        0.03300319027241028,
        0.050894402511360404,
        0.19659166740252626,
        0.807258515101796
    ],
    "L": [
        7.749999999999999e-05,
        7.749999999999999e-05,
        6.2e-05,
        6.2e-05,
        6.2e-05,
        7.749999999999999e-05
    ],
    "n_eff": 2.2,
    "n_g": 4.4,
    "center_wavelength": 1.55e-06
}