{
    "eta": 0.996,
    "alpha": 52.96,
    "K": [
        0.2809152904391523,
        0.016533598132422778,
        0.14053620677494433,
        0.9916107437526633,
        0.29200288805332086,
        0.016082328265680346,
        0.05838859942198943
    ],
    "L": [
        6.2e-05,
        6.2e-05,
        7.749999999999999e-05,
        7.749999999999999e-05,
        7.749999999999999e-05,
        7.749999999999999e-05
    ],
    "n_eff": 2.2,
    "n_g": 4.4,
    "center_wavelength": 1.55e-06
}