{
    "n_g": 4.4,
    "n_eff": 2.2,
    "eta": 0.996,
    "alpha": 52.96,
    "center_wavelength": 1.55e-06,
    "length_of_3db_band": 1e-09,
    "max_crosstalk": -30,
    "H_p": -20,
    "H_s": -60,
    "H_i": -10,
    "r_max": 5,
    "weight": [
        1.0,
        3.5,
        1.0,
        5.0,
        3.5,
        1.0,
        1.0,
        0.5,
        0.5,
        0.5,
        0.5,
        0.5,
        0.5,
        0.5
    ],
    "format": false,
    "simulate_one_cycle": true,
    "name": "",
    "label": "",
    "skip_graph": true,
    "skip_evaluation": false,
    "ignore_binary_evaluation": true,
    "K": [
        0.3371330349158147,
        0.022523156302773184,
        0.01902374041878896,
        0.054580332573425816,
        0.05294914300356701,
        0.14692258475504,
        0.44922963122790516
    ],
    "L": [
        6.2e-05,
        6.2e-05,
        6.2e-05,
        0.00013949999999999998,
        0.00013949999999999998,
        0.00013949999999999998
    ],
    "lambda_limit": []
}