{
    "eta": 0.996,
    "alpha": 52.96,
    "K": [
        0.5733044976664352,
        0.11869254605621632,
        0.1175302420337736,
        0.04730956103880807,
        0.008833541727946814,
        0.028277149588215478,
        0.2404464984273904
    ],
    "L": [
        0.00013949999999999998,
        0.00013949999999999998,
        0.00013949999999999998,
        6.2e-05,
        6.2e-05,
        6.2e-05
    ],
    "n_eff": 2.2,
    "n_g": 4.4,
    "center_wavelength": 1.55e-06
}