{
    "eta": 0.996,
    "alpha": 11.51,
    "K": [
        0.60889804980345,
        0.1183303029410695,
        0.07514332824996484,
        0.14570616340431797,
        0.19388523692184767,
        0.127193103582534,
        0.24910657256039076
    ],
    "L": [
        7.749999999999999e-05,
        7.749999999999999e-05,
        7.749999999999999e-05,
        7.749999999999999e-05,
        6.2e-05,
        6.2e-05
    ],
    "n_eff": 2.2,
    "n_g": 4.4,
    "center_wavelength": 1.55e-06
}