{
    "eta": 0.996,
    "alpha": 11.51,
    "K": [
        0.012606381943676082,
        0.03312093808173694,
        0.06239569678525786,
        0.039045794361983244,
        0.05063354708750617,
        0.12387486480633941,
        0.6791554603289771
    ],
    "L": [
        6.2e-05,
        6.2e-05,
        7.749999999999999e-05,
        7.749999999999999e-05,
        7.749999999999999e-05,
        7.749999999999999e-05
    ],
    "n_eff": 2.2,
    "n_g": 4.4,
    "center_wavelength": 1.55e-06
}