{
    "eta": 0.996,
    "alpha": 11.51,
    "K": [
        0.12782506861898443,
        0.016229931350208185,
        0.016991613179126046,
        0.028021693028617813,
        0.021490671158581342,
        0.024409984416283063,
        0.2978332038455308
    ],
    "L": [
        6.2e-05,
        6.2e-05,
        7.749999999999999e-05,
        7.749999999999999e-05,
        7.749999999999999e-05,
        7.749999999999999e-05
    ],
    "n_eff": 2.2,
    "n_g": 4.4,
    "center_wavelength": 1.55e-06
}