{
    "eta": 0.996,
    "alpha": 52.96,
    "K": [
        0.1452012509975275,
        0.061510556664707505,
        0.049046743348673594,
        0.033775533530559676,
        0.04125280519384927,
        0.0846085601600361,
        0.565551089227188
    ],
    "L": [
        7.749999999999999e-05,
        7.749999999999999e-05,
        6.2e-05,
        6.2e-05,
        6.2e-05,
        6.2e-05
    ],
    "n_eff": 2.2,
    "n_g": 4.4,
    "center_wavelength": 1.55e-06
}