{
    "eta": 0.996,
    "alpha": 11.51,
    "K": [
        0.6758100066602829,
        0.11494062883232509,
        0.03549760305674865,
        0.023942455904681748,
        0.027744975405973094,
        0.056576580796042164,
        0.23487699045201715
    ],
    "L": [
        6.2e-05,
        6.2e-05,
        6.2e-05,
        6.2e-05,
        7.749999999999999e-05,
        7.749999999999999e-05
    ],
    "n_eff": 2.2,
    "n_g": 4.4,
    "center_wavelength": 1.55e-06
}