{
    "eta": 0.996,
    "alpha": 11.51,
    "K": [
        0.19088568046441973,
        0.0574564806299529,
        0.0549637340350454,
        0.012086384096299474,
        0.08898347723795902,
        0.05279019032780635,
        0.10105932693553338
    ],
    "L": [
        7.749999999999999e-05,
        6.2e-05,
        6.2e-05,
        7.749999999999999e-05,
        7.749999999999999e-05,
        6.2e-05
    ],
    "n_eff": 2.2,
    "n_g": 4.4,
    "center_wavelength": 1.55e-06
}