{
    "eta": 0.996,
    "alpha": 11.51,
    "K": [
        0.5547279290526803,
        0.07997815903813582,
        0.13672417418726546,
        0.4609517281696468,
        0.18850406645364015,
        0.09992695800809498,
        0.37476083128371945
    ],
    "L": [
        7.749999999999999e-05,
        6.2e-05,
        7.749999999999999e-05,
        6.2e-05,
        6.2e-05,
        7.749999999999999e-05
    ],
    "n_eff": 2.2,
    "n_g": 4.4,
    "center_wavelength": 1.55e-06
}