{
    "eta": 0.996,
    "alpha": 11.51,
    "K": [
        0.383947012489749,
        0.026351024340889095,
        0.008328800740484818,
        0.02052277872975615,
        0.0822982025702076,
        0.4205679061954989,
        0.6778792336155057
    ],
    "L": [
        7.749999999999999e-05,
        7.749999999999999e-05,
        6.2e-05,
        6.2e-05,
        7.749999999999999e-05,
        7.749999999999999e-05
    ],
    "n_eff": 2.2,
    "n_g": 4.4,
    "center_wavelength": 1.55e-06
}