{
    "eta": 0.996,
    "alpha": 11.51,
    "K": [
        0.7728226972843389,
        0.18853326124558709,
        0.058696605081252,
        0.03716771627026078,
        0.04137114339368956,
        0.06733348480704507,
        0.12340686457245294
    ],
    "L": [
        6.2e-05,
        6.2e-05,
        6.2e-05,
        6.2e-05,
        7.749999999999999e-05,
        7.749999999999999e-05
    ],
    "n_eff": 2.2,
    "n_g": 4.4,
    "center_wavelength": 1.55e-06
}