{
    "eta": 0.996,
    "alpha": 52.96,
    "K": [
        0.3928175796146719,
        0.05382976161383913,
        0.03686616959208339,
        0.029871754316443584,
        0.04189737114412702,
        0.07205717756967256,
        0.14046931251149658
    ],
    "L": [
        6.2e-05,
        6.2e-05,
        6.2e-05,
        6.2e-05,
        7.749999999999999e-05,
        7.749999999999999e-05
    ],
    "n_eff": 2.2,
    "n_g": 4.4,
    "center_wavelength": 1.55e-06
}