{
    "eta": 0.996,
    "alpha": 11.51,
    "K": [
        0.2991932009576682,
        0.06755054173953856,
        0.20545325676263593,
        0.58869681246507,
        0.21604435528877958,
        0.11348062142355725,
        0.5693552941071077
    ],
    "L": [
        6.2e-05,
        6.2e-05,
        7.749999999999999e-05,
        6.2e-05,
        7.749999999999999e-05,
        7.749999999999999e-05
    ],
    "n_eff": 2.2,
    "n_g": 4.4,
    "center_wavelength": 1.55e-06
}