{
    "eta": 0.996,
    "alpha": 11.51,
    "K": [
        0.4979143545769092,
        0.08502917317301806,
        0.2379128101826955,
        0.5053637061337579,
        0.16286440655644918,
        0.09284019416386302,
        0.348238659521085
    ],
    "L": [
        6.2e-05,
        6.2e-05,
        7.749999999999999e-05,
        6.2e-05,
        7.749999999999999e-05,
        7.749999999999999e-05
    ],
    "n_eff": 2.2,
    "n_g": 4.4,
    "center_wavelength": 1.55e-06
}