{
    "eta": 0.996,
    "alpha": 52.96,
    "K": [
        0.38318911554281143,
        0.07455777389498541,
        0.017856413101522195,
        0.04139468543476882,
        0.08540480094079811,
        0.07416762840024621,
        0.4418440750880375
    ],
    "L": [
        7.749999999999999e-05,
        6.2e-05,
        6.2e-05,
        7.749999999999999e-05,
        7.749999999999999e-05,
        7.749999999999999e-05
    ],
    "n_eff": 2.2,
    "n_g": 4.4,
    "center_wavelength": 1.55e-06
}