{
    "eta": 0.996,
    "alpha": 11.51,
    "K": [
        0.097755092412893,
        0.006174982660688486,
        0.004651697980457552,
        0.1851626280135757,
        0.17812652871442383,
        0.018189468104125216,
        0.2712538966068896
    ],
    "L": [
        7.749999999999999e-05,
        6.2e-05,
        7.749999999999999e-05,
        7.749999999999999e-05,
        6.2e-05,
        7.749999999999999e-05
    ],
    "n_eff": 2.2,
    "n_g": 4.4,
    "center_wavelength": 1.55e-06
}