{
    "eta": 0.996,
    "alpha": 11.51,
    "K": [
        0.23467057963876342,
        0.17950655452351602,
        0.44577004579008794,
        0.23899724331409622,
        0.07215101644337232,
        0.11905410663785058,
        0.6194852902335705
    ],
    "L": [
        6.2e-05,
        6.2e-05,
        7.749999999999999e-05,
        7.749999999999999e-05,
        7.749999999999999e-05,
        7.749999999999999e-05
    ],
    "n_eff": 2.2,
    "n_g": 4.4,
    "center_wavelength": 1.55e-06
}