{
    "eta": 0.996,
    "alpha": 11.51,
    "K": [
        0.41107306672686844,
        0.3407702526187514,
        0.7990374930682556,
        0.4075756788916872,
        0.0540112472972319,
        0.07579573010711932,
        0.5654052346677831
    ],
    "L": [
        7.749999999999999e-05,
        6.2e-05,
        6.2e-05,
        7.749999999999999e-05,
        6.2e-05,
        7.749999999999999e-05
    ],
    "n_eff": 2.2,
    "n_g": 4.4,
    "center_wavelength": 1.55e-06
}