{
    "eta": 0.996,
    "alpha": 52.96,
    "K": [
        0.10526886906411291,
        0.054299095541002075,
        0.038519366121154315,
        0.044467583989397944,
        0.05035930815630297,
        0.09227398177953514,
        0.5297604281488629
    ],
    "L": [
        6.2e-05,
        6.2e-05,
        7.749999999999999e-05,
        7.749999999999999e-05,
        7.749999999999999e-05,
        7.749999999999999e-05
    ],
    "n_eff": 2.2,
    "n_g": 4.4,
    "center_wavelength": 1.55e-06
}