{
    "eta": 0.996,
    "alpha": 52.96,
    "K": [
        0.9037372884352275,
        0.7206062179724937,
        0.5009645001203319,
        0.03183569080087634,
        0.10338548650885743,
        0.12674022931688073,
        0.6240242413608748
    ],
    "L": [
        6.2e-05,
        6.2e-05,
        7.749999999999999e-05,
        7.749999999999999e-05,
        7.749999999999999e-05,
        7.749999999999999e-05
    ],
    "n_eff": 2.2,
    "n_g": 4.4,
    "center_wavelength": 1.55e-06
}