{
    "eta": 0.996,
    "alpha": 11.51,
    "K": [
        0.04949949737346425,
        0.028618898606349055,
        0.028364055845440266,
        0.044355905883379294,
        0.07833428413443162,
        0.2702405205442385,
        0.8506725714197564
    ],
    "L": [
        6.2e-05,
        6.2e-05,
        7.749999999999999e-05,
        7.749999999999999e-05,
        7.749999999999999e-05,
        7.749999999999999e-05
    ],
    "n_eff": 2.2,
    "n_g": 4.4,
    "center_wavelength": 1.55e-06
}