{
    "eta": 0.996,
    "alpha": 11.51,
    "K": [
        0.5879975823008146,
        0.08415974809189439,
        0.048412596767589536,
        0.15209312428656405,
        0.5598566150251318,
        0.458235757431445,
        0.41353943295899553
    ],
    "L": [
        7.749999999999999e-05,
        6.2e-05,
        7.749999999999999e-05,
        6.2e-05,
        7.749999999999999e-05,
        6.2e-05
    ],
    "n_eff": 2.2,
    "n_g": 4.4,
    "center_wavelength": 1.55e-06
}