{
    "eta": 0.996,
    "alpha": 11.51,
    "K": [
        0.5746617535334205,
        0.10442236904351615,
        0.17786763398692934,
        0.42357243658360905,
        0.14313972917915932,
        0.07597145841087982,
        0.3425952484973113
    ],
    "L": [
        7.749999999999999e-05,
        6.2e-05,
        6.2e-05,
        7.749999999999999e-05,
        6.2e-05,
        7.749999999999999e-05
    ],
    "n_eff": 2.2,
    "n_g": 4.4,
    "center_wavelength": 1.55e-06
}