{
    "eta": 0.996,
    "alpha": 52.96,
    "K": [
        0.4607712986955528,
        0.06421076056546654,
        0.05031205197764932,
        0.05638042004295818,
        0.05639217692659998,
        0.053586388634714155,
        0.3327912871563564
    ],
    "L": [
        6.2e-05,
        6.2e-05,
        7.749999999999999e-05,
        7.749999999999999e-05,
        7.749999999999999e-05,
        7.749999999999999e-05
    ],
    "n_eff": 2.2,
    "n_g": 4.4,
    "center_wavelength": 1.55e-06
}