{
    "eta": 0.996,
    "alpha": 11.51,
    "K": [
        0.5379415652672919,
        0.08765814201292241,
        0.23909005533333458,
        0.8961325627546721,
        0.4359642444164532,
        0.09650848452344454,
        0.2820651116103698
    ],
    "L": [
        6.2e-05,
        6.2e-05,
        7.749999999999999e-05,
        7.749999999999999e-05,
        7.749999999999999e-05,
        7.749999999999999e-05
    ],
    "n_eff": 2.2,
    "n_g": 4.4,
    "center_wavelength": 1.55e-06
}