{
    "eta": 0.996,
    "alpha": 52.96,
    "K": [
        0.7208705595124593,
        0.1126733358094168,
        0.03921369331866148,
        0.06858269979181353,
        0.04395136227702262,
        0.12992285805035486,
        0.6019581431662443
    ],
    "L": [
        6.2e-05,
        6.2e-05,
        7.749999999999999e-05,
        7.749999999999999e-05,
        7.749999999999999e-05,
        7.749999999999999e-05
    ],
    "n_eff": 2.2,
    "n_g": 4.4,
    "center_wavelength": 1.55e-06
}