{
    "eta": 0.996,
    "alpha": 11.51,
    "K": [
        0.3636219480810186,
        0.07198970069049021,
        0.058154860961999455,
        0.26756360755139086,
        0.4346519884233593,
        0.21544038508268326,
        0.5462928712496496
    ],
    "L": [
        7.749999999999999e-05,
        6.2e-05,
        7.749999999999999e-05,
        6.2e-05,
        7.749999999999999e-05,
        6.2e-05
    ],
    "n_eff": 2.2,
    "n_g": 4.4,
    "center_wavelength": 1.55e-06
}