{
    "eta": 0.996,
    "alpha": 11.51,
    "K": [
        0.2704391885839531,
        0.05532123433287095,
        0.010119842067289664,
        0.06709183450926848,
        0.10013944667794683,
        0.07547544801070832,
        0.46412499996981976
    ],
    "L": [
        7.749999999999999e-05,
        6.2e-05,
        6.2e-05,
        7.749999999999999e-05,
        7.749999999999999e-05,
        7.749999999999999e-05
    ],
    "n_eff": 2.2,
    "n_g": 4.4,
    "center_wavelength": 1.55e-06
}