{
    "eta": 0.996,
    "alpha": 11.51,
    "K": [
        0.3702751045679235,
        0.217505012441219,
        0.5065986666833722,
        0.3018785186982289,
        0.07016002035421579,
        0.09371728822333614,
        0.562906647941825
    ],
    "L": [
        6.2e-05,
        6.2e-05,
        7.749999999999999e-05,
        7.749999999999999e-05,
        7.749999999999999e-05,
        7.749999999999999e-05
    ],
    "n_eff": 2.2,
    "n_g": 4.4,
    "center_wavelength": 1.55e-06
}