{
    "eta": 0.996,
    "alpha": 52.96,
    "K": [
        0.10625098851619083,
        0.03741911977067369,
        0.0449404457759192,
        0.04944079397334168,
        0.06397844519260269,
        0.13469113523303192,
        0.6402746290346502
    ],
    "L": [
        6.2e-05,
        6.2e-05,
        7.749999999999999e-05,
        7.749999999999999e-05,
        7.749999999999999e-05,
        7.749999999999999e-05
    ],
    "n_eff": 2.2,
    "n_g": 4.4,
    "center_wavelength": 1.55e-06
}