{
    "eta": 0.996,
    "alpha": 52.96,
    "K": [
        0.19506373320105908,
        0.03601429421525239,
        0.1100385324609018,
        0.10274992043145594,
        0.41585192134377225,
        0.14863254368727177,
        0.22141921114152713
    ],
    "L": [
        6.2e-05,
        6.2e-05,
        7.749999999999999e-05,
        7.749999999999999e-05,
        7.749999999999999e-05,
        7.749999999999999e-05
    ],
    "n_eff": 2.2,
    "n_g": 4.4,
    "center_wavelength": 1.55e-06
}