{
    "eta": 0.996,
    "alpha": 11.51,
    "K": [
        0.4908100437164241,
        0.08428686515538275,
        0.11683992025503481,
        0.3881216875943035,
        0.24456072302572918,
        0.1015070262890504,
        0.36195016605226393
    ],
    "L": [
        6.2e-05,
        7.749999999999999e-05,
        6.2e-05,
        6.2e-05,
        6.2e-05,
        7.749999999999999e-05
    ],
    "n_eff": 2.2,
    "n_g": 4.4,
    "center_wavelength": 1.55e-06
}