{
    "eta": 0.996,
    "alpha": 11.51,
    "K": [
        0.5784404729124307,
        0.11605002992845698,
        0.35545962974891426,
        0.7306872108948004,
        0.19307747488830898,
        0.08895105726698974,
        0.3443106330526588
    ],
    "L": [
        7.749999999999999e-05,
        6.2e-05,
        7.749999999999999e-05,
        7.749999999999999e-05,
        7.749999999999999e-05,
        7.749999999999999e-05
    ],
    "n_eff": 2.2,
    "n_g": 4.4,
    "center_wavelength": 1.55e-06
}