{
    "eta": 0.996,
    "alpha": 52.96,
    "K": [
        0.317937699212014,
        0.033451414417784486,
        0.026311654766393737,
        0.021072276636454907,
        0.021234684027096665,
        0.05884128949075161,
        0.20487665423006837
    ],
    "L": [
        6.2e-05,
        6.2e-05,
        7.749999999999999e-05,
        6.2e-05,
        7.749999999999999e-05,
        7.749999999999999e-05
    ],
    "n_eff": 2.2,
    "n_g": 4.4,
    "center_wavelength": 1.55e-06
}