{
    "eta": 0.996,
    "alpha": 11.51,
    "K": [
        0.2875393581222629,
        0.07883387146196204,
        0.2468428522863139,
        0.6223605900434821,
        0.21045903247746595,
        0.09840425878898505,
        0.5686585056309578
    ],
    "L": [
        6.2e-05,
        7.749999999999999e-05,
        7.749999999999999e-05,
        7.749999999999999e-05,
        6.2e-05,
        7.749999999999999e-05
    ],
    "n_eff": 2.2,
    "n_g": 4.4,
    "center_wavelength": 1.55e-06
}