{
    "eta": 0.996,
    "alpha": 11.51,
    "K": [
        0.41415447323548193,
        0.22808411008988227,
        0.5067102692017008,
        0.3549334756645228,
        0.05960809950916174,
        0.07312596280385869,
        0.5575788706087899
    ],
    "L": [
        7.749999999999999e-05,
        6.2e-05,
        6.2e-05,
        7.749999999999999e-05,
        6.2e-05,
        7.749999999999999e-05
    ],
    "n_eff": 2.2,
    "n_g": 4.4,
    "center_wavelength": 1.55e-06
}