{
    "eta": 0.996,
    "alpha": 52.96,
    "K": [
        0.11060245449729982,
        0.012104507398496549,
        0.00982161816374378,
        0.11456322228566249,
        0.34558838297708444,
        0.12729591607800703,
        0.4113202014719003
    ],
    "L": [
        6.2e-05,
        6.2e-05,
        7.749999999999999e-05,
        7.749999999999999e-05,
        7.749999999999999e-05,
        7.749999999999999e-05
    ],
    "n_eff": 2.2,
    "n_g": 4.4,
    "center_wavelength": 1.55e-06
}