{
    "eta": 0.996,
    "alpha": 52.96,
    "K": [
        0.7897360911760192,
        0.1948142579362263,
        0.059963586893464094,
        0.0603786803136761,
        0.05552753444581465,
        0.06333652630685582,
        0.4439219727802682
    ],
    "L": [
        6.2e-05,
        6.2e-05,
        7.749999999999999e-05,
        7.749999999999999e-05,
        7.749999999999999e-05,
        7.749999999999999e-05
    ],
    "n_eff": 2.2,
    "n_g": 4.4,
    "center_wavelength": 1.55e-06
}