{
    "eta": 0.996,
    "alpha": 11.51,
    "K": [
        0.19427494097292397,
        0.04684585845782206,
        0.02561275602228822,
        0.025185445447956138,
        0.05966430190050825,
        0.35950304153137824,
        0.9510159006411372
    ],
    "L": [
        7.749999999999999e-05,
        7.749999999999999e-05,
        6.2e-05,
        6.2e-05,
        6.2e-05,
        7.749999999999999e-05
    ],
    "n_eff": 2.2,
    "n_g": 4.4,
    "center_wavelength": 1.55e-06
}