{
    "eta": 0.996,
    "alpha": 11.51,
    "K": [
        0.32507463150529636,
        0.11276956140791239,
        0.30568269193422437,
        0.3521375678137222,
        0.09794275597955748,
        0.0786643528697144,
        0.4798372781347537
    ],
    "L": [
        6.2e-05,
        6.2e-05,
        6.2e-05,
        7.749999999999999e-05,
        7.749999999999999e-05,
        6.2e-05
    ],
    "n_eff": 2.2,
    "n_g": 4.4,
    "center_wavelength": 1.55e-06
}