{
    "eta": 0.996,
    "alpha": 52.96,
    "K": [
        0.24958414847866792,
        0.08127194598590509,
        0.30849606634051224,
        0.4936624517260197,
        0.13811779526916318,
        0.11496366675571418,
        0.589827974129581
    ],
    "L": [
        6.2e-05,
        6.2e-05,
        7.749999999999999e-05,
        7.749999999999999e-05,
        7.749999999999999e-05,
        7.749999999999999e-05
    ],
    "n_eff": 2.2,
    "n_g": 4.4,
    "center_wavelength": 1.55e-06
}