{
    "eta": 0.996,
    "alpha": 52.96,
    "K": [
        0.4445761637284857,
        0.08381943588138951,
        0.03205481585112602,
        0.08669435781114515,
        0.061907073821366954,
        0.11561244148562605,
        0.6676036004541245
    ],
    "L": [
        6.2e-05,
        6.2e-05,
        7.749999999999999e-05,
        7.749999999999999e-05,
        7.749999999999999e-05,
        7.749999999999999e-05
    ],
    "n_eff": 2.2,
    "n_g": 4.4,
    "center_wavelength": 1.55e-06
}