{
    "eta": 0.996,
    "alpha": 52.96,
    "K": [
        0.689544540412595,
        0.07210640817102604,
        0.012387614560561921,
        0.07396737323908165,
        0.055407222914135135,
        0.11443557801084836,
        0.5004566189908661
    ],
    "L": [
        7.749999999999999e-05,
        6.2e-05,
        6.2e-05,
        7.749999999999999e-05,
        7.749999999999999e-05,
        7.749999999999999e-05
    ],
    "n_eff": 2.2,
    "n_g": 4.4,
    "center_wavelength": 1.55e-06
}