{
    "eta": 0.996,
    "alpha": 52.96,
    "K": [
        0.19495707591598416,
        0.06391101188125013,
        0.016433372222686142,
        0.07627905955882804,
        0.05718228033357489,
        0.02905066177725572,
        0.2370503585365178
    ],
    "L": [
        6.2e-05,
        6.2e-05,
        7.749999999999999e-05,
        7.749999999999999e-05,
        7.749999999999999e-05,
        6.2e-05
    ],
    "n_eff": 2.2,
    "n_g": 4.4,
    "center_wavelength": 1.55e-06
}