{
    "eta": 0.996,
    "alpha": 52.96,
    "K": [
        0.10705873415861455,
        0.0478646853973182,
        0.03333086459034287,
        0.039536473833194016,
        0.04446018845910793,
        0.08528783428544903,
        0.5184424960957287
    ],
    "L": [
        6.2e-05,
        6.2e-05,
        7.749999999999999e-05,
        7.749999999999999e-05,
        7.749999999999999e-05,
        7.749999999999999e-05
    ],
    "n_eff": 2.2,
    "n_g": 4.4,
    "center_wavelength": 1.55e-06
}