{
    "eta": 0.996,
    "alpha": 52.96,
    "K": [
        0.1041545692698251,
        0.04426218120755217,
        0.040212372980303265,
        0.05718202659142,
        0.08651021866937768,
        0.24850261942325946,
        0.8169127008859906
    ],
    "L": [
        6.2e-05,
        6.2e-05,
        7.749999999999999e-05,
        7.749999999999999e-05,
        7.749999999999999e-05,
        7.749999999999999e-05
    ],
    "n_eff": 2.2,
    "n_g": 4.4,
    "center_wavelength": 1.55e-06
}