{
    "eta": 0.996,
    "alpha": 11.51,
    "K": [
        0.1269151452826604,
        0.03465236066071181,
        0.051042904748104134,
        0.05415860052330107,
        0.0672844789770996,
        0.12441187070803772,
        0.6022962525901866
    ],
    "L": [
        6.2e-05,
        6.2e-05,
        7.749999999999999e-05,
        7.749999999999999e-05,
        7.749999999999999e-05,
        7.749999999999999e-05
    ],
    "n_eff": 2.2,
    "n_g": 4.4,
    "center_wavelength": 1.55e-06
}