{
    "eta": 0.996,
    "alpha": 52.96,
    "K": [
        0.1405543531381744,
        0.019782981711561492,
        0.053747465502267965,
        0.07073877010794294,
        0.0926350787695761,
        0.1726982788276177,
        0.5751964549386203
    ],
    "L": [
        6.2e-05,
        6.2e-05,
        7.749999999999999e-05,
        7.749999999999999e-05,
        7.749999999999999e-05,
        7.749999999999999e-05
    ],
    "n_eff": 2.2,
    "n_g": 4.4,
    "center_wavelength": 1.55e-06
}