{
    "eta": 0.996,
    "alpha": 52.96,
    "K": [
        0.24952575966687005,
        0.02575241972593645,
        0.015992269386637524,
        0.020119298332349336,
        0.02539445635699994,
        0.0410665028475227,
        0.37997265120567697
    ],
    "L": [
        6.2e-05,
        6.2e-05,
        7.749999999999999e-05,
        6.2e-05,
        7.749999999999999e-05,
        7.749999999999999e-05
    ],
    "n_eff": 2.2,
    "n_g": 4.4,
    "center_wavelength": 1.55e-06
}