{
    "eta": 0.996,
    "alpha": 11.51,
    "K": [
        0.47422949437111495,
        0.03694054615303294,
        0.031044058878303582,
        0.009777900428347586,
        0.033985965327849865,
        0.09060429084575361,
        0.6074584361043969
    ],
    "L": [
        7.749999999999999e-05,
        6.2e-05,
        6.2e-05,
        7.749999999999999e-05,
        7.749999999999999e-05,
        6.2e-05
    ],
    "n_eff": 2.2,
    "n_g": 4.4,
    "center_wavelength": 1.55e-06
}