{
    "eta": 0.996,
    "alpha": 11.51,
    "K": [
        0.5071452141547016,
        0.07811014364012053,
        0.21135640469919093,
        0.7904393719917393,
        0.3620227429275317,
        0.10332318269310586,
        0.34095576655099735
    ],
    "L": [
        6.2e-05,
        6.2e-05,
        7.749999999999999e-05,
        7.749999999999999e-05,
        7.749999999999999e-05,
        7.749999999999999e-05
    ],
    "n_eff": 2.2,
    "n_g": 4.4,
    "center_wavelength": 1.55e-06
}