{
    "eta": 0.996,
    "alpha": 11.51,
    "K": [
        0.5876685938916345,
        0.22876188042758763,
        0.3928172724152927,
        0.2384413331746534,
        0.055655858851747314,
        0.06557550984543523,
        0.3431783751564336
    ],
    "L": [
        6.2e-05,
        6.2e-05,
        7.749999999999999e-05,
        7.749999999999999e-05,
        6.2e-05,
        7.749999999999999e-05
    ],
    "n_eff": 2.2,
    "n_g": 4.4,
    "center_wavelength": 1.55e-06
}