{
    "eta": 0.996,
    "alpha": 11.51,
    "K": [
        0.2941037322172419,
        0.09269676681406744,
        0.4643622647803517,
        0.8311343661450205,
        0.21839487610044883,
        0.111769716622968,
        0.5763626095692245
    ],
    "L": [
        6.2e-05,
        7.749999999999999e-05,
        7.749999999999999e-05,
        7.749999999999999e-05,
        7.749999999999999e-05,
        7.749999999999999e-05
    ],
    "n_eff": 2.2,
    "n_g": 4.4,
    "center_wavelength": 1.55e-06
}