{
    "eta": 0.996,
    "alpha": 11.51,
    "K": [
        0.9641650942397838,
        0.3422199628433499,
        0.045336349522440325,
        0.05332407180976143,
        0.04824786623036531,
        0.1294508033213438,
        0.6114862056450394
    ],
    "L": [
        7.749999999999999e-05,
        7.749999999999999e-05,
        6.2e-05,
        7.749999999999999e-05,
        7.749999999999999e-05,
        7.749999999999999e-05
    ],
    "n_eff": 2.2,
    "n_g": 4.4,
    "center_wavelength": 1.55e-06
}