{
    "eta": 0.996,
    "alpha": 52.96,
    "K": [
        0.3185030700393666,
        0.08114574994910956,
        0.006986549805938935,
        0.06257990507824734,
        0.9337180018880582,
        0.035938916140085875,
        0.056170417271627915
    ],
    "L": [
        0.000868,
        0.000868,
        0.0001085,
        0.000124,
        0.000868,
        0.000124
    ],
    "n_eff": 2.2,
    "n_g": 4.4,
    "center_wavelength": 1.55e-06
}