{
    "eta": 0.996,
    "alpha": 11.51,
    "K": [
        0.33391867318181,
        0.06684338189767886,
        0.07204094273623435,
        0.3266571072388091,
        0.29641440422939913,
        0.149648788803164,
        0.6080010941854556
    ],
    "L": [
        7.749999999999999e-05,
        6.2e-05,
        6.2e-05,
        6.2e-05,
        6.2e-05,
        7.749999999999999e-05
    ],
    "n_eff": 2.2,
    "n_g": 4.4,
    "center_wavelength": 1.55e-06
}