{
    "eta": 0.996,
    "alpha": 52.96,
    "K": [
        0.028773445163770006,
        0.04969045502352892,
        0.03796579439216813,
        0.04598440997289671,
        0.04870463917730122,
        0.0859639727477563,
        0.4906403895506899
    ],
    "L": [
        6.2e-05,
        6.2e-05,
        7.749999999999999e-05,
        7.749999999999999e-05,
        7.749999999999999e-05,
        7.749999999999999e-05
    ],
    "n_eff": 2.2,
    "n_g": 4.4,
    "center_wavelength": 1.55e-06
}