{
    "eta": 0.996,
    "alpha": 52.96,
    "K": [
        0.505296793570903,
        0.3149316386829597,
        0.5060773143348564,
        0.21981097901505836,
        0.05079874677830726,
        0.04093379382998191,
        0.36134462755579133
    ],
    "L": [
        6.2e-05,
        7.749999999999999e-05,
        7.749999999999999e-05,
        6.2e-05,
        6.2e-05,
        6.2e-05
    ],
    "n_eff": 2.2,
    "n_g": 4.4,
    "center_wavelength": 1.55e-06
}