{
    "eta": 0.996,
    "alpha": 11.51,
    "K": [
        0.12430163723351723,
        0.03580593168301671,
        0.03418496717877251,
        0.05549301787669236,
        0.1226673267201544,
        0.4808714782991894,
        0.9563079050978445
    ],
    "L": [
        6.2e-05,
        6.2e-05,
        7.749999999999999e-05,
        7.749999999999999e-05,
        7.749999999999999e-05,
        6.2e-05
    ],
    "n_eff": 2.2,
    "n_g": 4.4,
    "center_wavelength": 1.55e-06
}