{
    "eta": 0.996,
    "alpha": 11.51,
    "K": [
        0.31085184492936196,
        0.06412914396281677,
        0.08457541058669181,
        0.5089169086231651,
        0.42603810918441154,
        0.1291365157875643,
        0.5374624603435988
    ],
    "L": [
        7.749999999999999e-05,
        6.2e-05,
        6.2e-05,
        7.749999999999999e-05,
        6.2e-05,
        6.2e-05
    ],
    "n_eff": 2.2,
    "n_g": 4.4,
    "center_wavelength": 1.55e-06
}