{
    "eta": 0.996,
    "alpha": 11.51,
    "K": [
        0.08918642292028438,
        0.026218837660178986,
        0.025100801113607997,
        0.0412139918353721,
        0.08723472704819811,
        0.37438751574948786,
        0.9285495874190965
    ],
    "L": [
        6.2e-05,
        6.2e-05,
        7.749999999999999e-05,
        7.749999999999999e-05,
        7.749999999999999e-05,
        7.749999999999999e-05
    ],
    "n_eff": 2.2,
    "n_g": 4.4,
    "center_wavelength": 1.55e-06
}