{
    "eta": 0.996,
    "alpha": 52.96,
    "K": [
        0.1817588691424277,
        0.018675210411910354,
        0.03450710837094914,
        0.051284502865734896,
        0.08136206400171306,
        0.16378965936506232,
        0.6095179334339668
    ],
    "L": [
        6.2e-05,
        6.2e-05,
        7.749999999999999e-05,
        7.749999999999999e-05,
        7.749999999999999e-05,
        7.749999999999999e-05
    ],
    "n_eff": 2.2,
    "n_g": 4.4,
    "center_wavelength": 1.55e-06
}