{
    "eta": 0.996,
    "alpha": 11.51,
    "K": [
        0.3165067785149297,
        0.06597221885413762,
        0.09181619613602808,
        0.4843601851279078,
        0.3549761708718493,
        0.11457825362097374,
        0.5248582978224066
    ],
    "L": [
        7.749999999999999e-05,
        6.2e-05,
        6.2e-05,
        7.749999999999999e-05,
        6.2e-05,
        6.2e-05
    ],
    "n_eff": 2.2,
    "n_g": 4.4,
    "center_wavelength": 1.55e-06
}