{
    "eta": 0.996,
    "alpha": 11.51,
    "K": [
        0.573214889587987,
        0.08888848837961005,
        0.09590939653390905,
        0.3257825170419189,
        0.20105559733469064,
        0.09322749201762948,
        0.338131336476741
    ],
    "L": [
        7.749999999999999e-05,
        6.2e-05,
        6.2e-05,
        6.2e-05,
        6.2e-05,
        7.749999999999999e-05
    ],
    "n_eff": 2.2,
    "n_g": 4.4,
    "center_wavelength": 1.55e-06
}