{
    "n_g": 4.4,
    "n_eff": 2.2,
    "eta": 0.996,
    "alpha": 52.96,
    "center_wavelength": 1.55e-06,
    "length_of_3db_band": 1e-09,
    "max_crosstalk": -30,
    "H_p": -20,
    "H_s": -60,
    "H_i": -10,
    "r_max": 5,
    "weight": [
        1.0,
        3.5,
        1.0,
        5.0,
        3.5,
        1.0,
        1.0,
        0.5,
        0.5,
        0.5,
        0.5,
        0.5,
        0.5,
        0.5
    ],
    "format": false,
    "simulate_one_cycle": true,
    "name": "",
    "label": "",
    "skip_graph": true,
    "skip_evaluation": false,
    "ignore_binary_evaluation": true,
    "K": [
        0.7236653963204092,
        0.07781095584134617,
        0.048760168723254116,
        0.08179567031459384,
        0.00436290887657248,
        0.05091411324695788,
        0.293350778440093
    ],
    "L": [
        7.749999999999999e-05,
        6.2e-05,
        7.749999999999999e-05,
        7.749999999999999e-05,
        6.2e-05,
        6.2e-05
    ],
    "lambda_limit": []
}