{
    "eta": 0.996,
    "alpha": 52.96,
    "K": [
        0.47473704677082185,
        0.08513446214819459,
        0.0539818401512453,
        0.0427399975627023,
        0.03893550953928632,
        0.04435986570566647,
        0.3677915662413587
    ],
    "L": [
        7.749999999999999e-05,
        7.749999999999999e-05,
        7.749999999999999e-05,
        6.2e-05,
        6.2e-05,
        6.2e-05
    ],
    "n_eff": 2.2,
    "n_g": 4.4,
    "center_wavelength": 1.55e-06
}