{
    "eta": 0.996,
    "alpha": 11.51,
    "K": [
        0.5350395870788992,
        0.05192059109590086,
        0.050936541652152056,
        0.0397380889315877,
        0.06104442513858621,
        0.1700144899189423,
        0.7423650620588267
    ],
    "L": [
        6.2e-05,
        6.2e-05,
        7.749999999999999e-05,
        7.749999999999999e-05,
        7.749999999999999e-05,
        7.749999999999999e-05
    ],
    "n_eff": 2.2,
    "n_g": 4.4,
    "center_wavelength": 1.55e-06
}