{
    "eta": 0.996,
    "alpha": 52.96,
    "K": [
        0.4020491619228473,
        0.050261978608564094,
        0.05763832501472465,
        0.05825042410914286,
        0.010412954141985405,
        0.07833787414833443,
        0.34442916256858463
    ],
    "L": [
        7.749999999999999e-05,
        7.749999999999999e-05,
        7.749999999999999e-05,
        6.2e-05,
        6.2e-05,
        7.749999999999999e-05
    ],
    "n_eff": 2.2,
    "n_g": 4.4,
    "center_wavelength": 1.55e-06
}