{
    "eta": 0.996,
    "alpha": 11.51,
    "K": [
        0.5823794734377978,
        0.07147457132135061,
        0.03857697492377931,
        0.06589305808293543,
        0.03362780237018747,
        0.10223817872650158,
        0.5680248024491572
    ],
    "L": [
        6.2e-05,
        6.2e-05,
        7.749999999999999e-05,
        7.749999999999999e-05,
        6.2e-05,
        7.749999999999999e-05
    ],
    "n_eff": 2.2,
    "n_g": 4.4,
    "center_wavelength": 1.55e-06
}