{
    "eta": 0.996,
    "alpha": 11.51,
    "K": [
        0.31286230750776034,
        0.08616615937434119,
        0.22202077415683902,
        0.7398481763665036,
        0.32233090227469013,
        0.12022292499162657,
        0.6035988071037652
    ],
    "L": [
        7.749999999999999e-05,
        7.749999999999999e-05,
        7.749999999999999e-05,
        7.749999999999999e-05,
        6.2e-05,
        7.749999999999999e-05
    ],
    "n_eff": 2.2,
    "n_g": 4.4,
    "center_wavelength": 1.55e-06
}