{
    "eta": 0.996,
    "alpha": 52.96,
    "K": [
        0.4822314729921971,
        0.059429840373291055,
        0.05604448426435776,
        0.30423186149565795,
        0.5571687348440151,
        0.3055828521720317,
        0.4186017974226915
    ],
    "L": [
        6.2e-05,
        6.2e-05,
        7.749999999999999e-05,
        7.749999999999999e-05,
        7.749999999999999e-05,
        7.749999999999999e-05
    ],
    "n_eff": 2.2,
    "n_g": 4.4,
    "center_wavelength": 1.55e-06
}