{
    "eta": 0.996,
    "alpha": 11.51,
    "K": [
        0.04394327315634572,
        0.02907912586265876,
        0.028665045735417782,
        0.04376338600790014,
        0.07296962428117354,
        0.2385988756485185,
        0.8216949821795425
    ],
    "L": [
        6.2e-05,
        6.2e-05,
        7.749999999999999e-05,
        7.749999999999999e-05,
        7.749999999999999e-05,
        7.749999999999999e-05
    ],
    "n_eff": 2.2,
    "n_g": 4.4,
    "center_wavelength": 1.55e-06
}