{
    "eta": 0.996,
    "alpha": 52.96,
    "K": [
        0.10624197994902179,
        0.03725291914520917,
        0.04531971554143216,
        0.049438415451151185,
        0.06390039536414055,
        0.13333075943695943,
        0.6368386778992066
    ],
    "L": [
        6.2e-05,
        6.2e-05,
        7.749999999999999e-05,
        7.749999999999999e-05,
        7.749999999999999e-05,
        7.749999999999999e-05
    ],
    "n_eff": 2.2,
    "n_g": 4.4,
    "center_wavelength": 1.55e-06
}