{
    "eta": 0.996,
    "alpha": 11.51,
    "K": [
        0.06089572211815307,
        0.027838520621256753,
        0.027300969729682316,
        0.04298962328678676,
        0.07780428318378176,
        0.27856730591391415,
        0.8606516099962753
    ],
    "L": [
        6.2e-05,
        6.2e-05,
        7.749999999999999e-05,
        7.749999999999999e-05,
        7.749999999999999e-05,
        7.749999999999999e-05
    ],
    "n_eff": 2.2,
    "n_g": 4.4,
    "center_wavelength": 1.55e-06
}