{
    "eta": 0.996,
    "alpha": 11.51,
    "K": [
        0.7005419001500205,
        0.07860176756082829,
        0.054540539656718096,
        0.044347571467347094,
        0.048235799246321466,
        0.10475022487438249,
        0.6362395171977555
    ],
    "L": [
        7.749999999999999e-05,
        6.2e-05,
        7.749999999999999e-05,
        7.749999999999999e-05,
        6.2e-05,
        6.2e-05
    ],
    "n_eff": 2.2,
    "n_g": 4.4,
    "center_wavelength": 1.55e-06
}