{
    "eta": 0.996,
    "alpha": 11.51,
    "K": [
        0.1323583206953028,
        0.06750594569052708,
        0.04114777757094363,
        0.03677587247018494,
        0.057386340600010466,
        0.18164648746579443,
        0.7629153317508985
    ],
    "L": [
        7.749999999999999e-05,
        7.749999999999999e-05,
        6.2e-05,
        6.2e-05,
        6.2e-05,
        6.2e-05
    ],
    "n_eff": 2.2,
    "n_g": 4.4,
    "center_wavelength": 1.55e-06
}