{
    "eta": 0.996,
    "alpha": 11.51,
    "K": [
        0.48502267935242876,
        0.0797976236426029,
        0.10272317610507659,
        0.5203757956879584,
        0.4131112464460025,
        0.09949777704463686,
        0.31062705120801715
    ],
    "L": [
        6.2e-05,
        7.749999999999999e-05,
        6.2e-05,
        7.749999999999999e-05,
        6.2e-05,
        6.2e-05
    ],
    "n_eff": 2.2,
    "n_g": 4.4,
    "center_wavelength": 1.55e-06
}