{
    "eta": 0.996,
    "alpha": 52.96,
    "K": [
        0.2348324158320112,
        0.019625492094315244,
        0.025064697417824855,
        0.03099415734622296,
        0.035762207516843836,
        0.07349805429668138,
        0.4739122411920542
    ],
    "L": [
        6.2e-05,
        6.2e-05,
        7.749999999999999e-05,
        7.749999999999999e-05,
        7.749999999999999e-05,
        7.749999999999999e-05
    ],
    "n_eff": 2.2,
    "n_g": 4.4,
    "center_wavelength": 1.55e-06
}