{
    "eta": 0.996,
    "alpha": 11.51,
    "K": [
        0.3101762652776013,
        0.08512448830224834,
        0.22337543003254878,
        0.558727237271847,
        0.21916241188809404,
        0.10934988042480252,
        0.5608907947268463
    ],
    "L": [
        6.2e-05,
        7.749999999999999e-05,
        6.2e-05,
        6.2e-05,
        7.749999999999999e-05,
        7.749999999999999e-05
    ],
    "n_eff": 2.2,
    "n_g": 4.4,
    "center_wavelength": 1.55e-06
}