{
    "eta": 0.996,
    "alpha": 11.51,
    "K": [
        0.8839414831317693,
        0.28530956012109754,
        0.06933772828994211,
        0.036230240525466695,
        0.03576281869912279,
        0.05455809166282405,
        0.08949290824737766
    ],
    "L": [
        7.749999999999999e-05,
        6.2e-05,
        6.2e-05,
        6.2e-05,
        7.749999999999999e-05,
        7.749999999999999e-05
    ],
    "n_eff": 2.2,
    "n_g": 4.4,
    "center_wavelength": 1.55e-06
}