{
    "eta": 0.996,
    "alpha": 52.96,
    "K": [
        0.6349575384745734,
        0.14344700794796006,
        0.07576951977497881,
        0.05361410576722919,
        0.048213342652575486,
        0.04084895499498581,
        0.04543751498297005
    ],
    "L": [
        6.2e-05,
        7.749999999999999e-05,
        7.749999999999999e-05,
        7.749999999999999e-05,
        6.2e-05,
        6.2e-05
    ],
    "n_eff": 2.2,
    "n_g": 4.4,
    "center_wavelength": 1.55e-06
}