{
    "eta": 0.996,
    "alpha": 11.51,
    "K": [
        0.07965606175876683,
        0.0021124902465585738,
        0.02837853368624449,
        0.5704695500105077,
        0.13286609858114995,
        0.08087736991157285,
        0.8294614566659483
    ],
    "L": [
        7.749999999999999e-05,
        6.2e-05,
        6.2e-05,
        6.2e-05,
        7.749999999999999e-05,
        6.2e-05
    ],
    "n_eff": 2.2,
    "n_g": 4.4,
    "center_wavelength": 1.55e-06
}