{
    "n_g": 4.4,
    "n_eff": 2.2,
    "eta": 0.996,
    "alpha": 52.96,
    "center_wavelength": 1.55e-06,
    "length_of_3db_band": 1e-09,
    "max_crosstalk": -30,
    "H_p": -20,
    "H_s": -60,
    "H_i": -10,
    "r_max": 5,
    "weight": [
        1.0,
        3.5,
        1.0,
        5.0,
        3.5,
        1.0,
        1.0,
        0.5,
        0.5,
        0.5,
        0.5,
        0.5,
        0.5,
        0.5
    ],
    "format": false,
    "simulate_one_cycle": true,
    "name": "",
    "label": "",
    "skip_graph": true,
    "skip_evaluation": false,
    "ignore_binary_evaluation": true,
    "K": [
        0.28784157822282175,
        0.02621075914470833,
        0.09558751777388697,
        0.1944073852139681,
        0.01500466596586375,
        0.11654686353855409,
        0.2711409175044493
    ],
    "L": [
        6.2e-05,
        6.2e-05,
        0.00013949999999999998,
        0.00013949999999999998,
        9.299999999999998e-05,
        9.299999999999998e-05
    ],
    "lambda_limit": []
}