{
    "eta": 0.996,
    "alpha": 52.96,
    "K": [
        0.28784157822282175,
        0.02621075914470833,
        0.09558751777388697,
        0.1944073852139681,
        0.01500466596586375,
        0.11654686353855409,
        0.2711409175044493
    ],
    "L": [
        6.2e-05,
        6.2e-05,
        0.00013949999999999998,
        0.00013949999999999998,
        9.299999999999998e-05,
        9.299999999999998e-05
    ],
    "n_eff": 2.2,
    "n_g": 4.4,
    "center_wavelength": 1.55e-06
}