{
    "eta": 0.996,
    "alpha": 11.51,
    "K": [
        0.499827737886553,
        0.0825665861277528,
        0.3477215130462098,
        0.9362500840664825,
        0.32279305833666916,
        0.09280765201178384,
        0.3400594785983102
    ],
    "L": [
        6.2e-05,
        6.2e-05,
        7.749999999999999e-05,
        7.749999999999999e-05,
        7.749999999999999e-05,
        7.749999999999999e-05
    ],
    "n_eff": 2.2,
    "n_g": 4.4,
    "center_wavelength": 1.55e-06
}