{
    "eta": 0.996,
    "alpha": 11.51,
    "K": [
        0.6114863267554324,
        0.17945924019733853,
        0.3777903309571804,
        0.39186990849807796,
        0.08145172712333927,
        0.0660120387906375,
        0.32697758893681433
    ],
    "L": [
        7.749999999999999e-05,
        7.749999999999999e-05,
        6.2e-05,
        6.2e-05,
        6.2e-05,
        7.749999999999999e-05
    ],
    "n_eff": 2.2,
    "n_g": 4.4,
    "center_wavelength": 1.55e-06
}