{
    "eta": 0.996,
    "alpha": 11.51,
    "K": [
        0.5067757635950909,
        0.09247563804137475,
        0.3654732920465025,
        0.8063072417834267,
        0.2220725305017853,
        0.09041111114910584,
        0.34672965062882727
    ],
    "L": [
        6.2e-05,
        6.2e-05,
        7.749999999999999e-05,
        7.749999999999999e-05,
        7.749999999999999e-05,
        7.749999999999999e-05
    ],
    "n_eff": 2.2,
    "n_g": 4.4,
    "center_wavelength": 1.55e-06
}