{
    "eta": 0.996,
    "alpha": 52.96,
    "K": [
        0.8236535828613081,
        0.15853291025713667,
        0.053885321895847826,
        0.09139882288508733,
        0.04109963950788098,
        0.11876037757084279,
        0.5372450835548875
    ],
    "L": [
        6.2e-05,
        6.2e-05,
        7.749999999999999e-05,
        7.749999999999999e-05,
        7.749999999999999e-05,
        7.749999999999999e-05
    ],
    "n_eff": 2.2,
    "n_g": 4.4,
    "center_wavelength": 1.55e-06
}