{
    "eta": 0.996,
    "alpha": 11.51,
    "K": [
        0.9336899226897513,
        0.6400188130816233,
        0.1686314834597919,
        0.021580751005041136,
        0.004887718874557272,
        0.07840512334409311,
        0.2503430180533126
    ],
    "L": [
        6.2e-05,
        7.749999999999999e-05,
        6.2e-05,
        6.2e-05,
        7.749999999999999e-05,
        7.749999999999999e-05
    ],
    "n_eff": 2.2,
    "n_g": 4.4,
    "center_wavelength": 1.55e-06
}