{
    "eta": 0.996,
    "alpha": 11.51,
    "K": [
        0.5005900700345233,
        0.07458233326066993,
        0.2567575504922388,
        0.9140437384306991,
        0.3961566363530441,
        0.10581996030646501,
        0.3588176652432943
    ],
    "L": [
        6.2e-05,
        6.2e-05,
        7.749999999999999e-05,
        7.749999999999999e-05,
        7.749999999999999e-05,
        7.749999999999999e-05
    ],
    "n_eff": 2.2,
    "n_g": 4.4,
    "center_wavelength": 1.55e-06
}