{
    "eta": 0.996,
    "alpha": 52.96,
    "K": [
        0.08804541842894537,
        0.04032015924438098,
        0.05283177934579225,
        0.03976620026694072,
        0.055579672885822995,
        0.07679830829756201,
        0.500599053819098
    ],
    "L": [
        6.2e-05,
        6.2e-05,
        7.749999999999999e-05,
        7.749999999999999e-05,
        7.749999999999999e-05,
        7.749999999999999e-05
    ],
    "n_eff": 2.2,
    "n_g": 4.4,
    "center_wavelength": 1.55e-06
}