{
    "eta": 0.996,
    "alpha": 11.51,
    "K": [
        0.9786740947092295,
        0.9925546404064952,
        0.32187999474484136,
        0.1129135160511366,
        0.004079568214167404,
        0.03393682794065712,
        0.45693335588753164
    ],
    "L": [
        6.2e-05,
        7.749999999999999e-05,
        7.749999999999999e-05,
        7.749999999999999e-05,
        6.2e-05,
        6.2e-05
    ],
    "n_eff": 2.2,
    "n_g": 4.4,
    "center_wavelength": 1.55e-06
}