{
    "eta": 0.996,
    "alpha": 52.96,
    "K": [
        0.5156094265197652,
        0.12755808020586107,
        0.07735996123736505,
        0.07195415937002242,
        0.06946176258832831,
        0.07498084416411549,
        0.44848181064608483
    ],
    "L": [
        7.749999999999999e-05,
        9.299999999999998e-05,
        9.299999999999998e-05,
        7.749999999999999e-05,
        9.299999999999998e-05,
        7.749999999999999e-05
    ],
    "n_eff": 2.2,
    "n_g": 4.4,
    "center_wavelength": 1.55e-06
}