{
    "eta": 0.996,
    "alpha": 11.51,
    "K": [
        0.10747643538011671,
        0.04262759901020981,
        0.04071220440275796,
        0.05932215109841574,
        0.09303999730395345,
        0.27408713684006525,
        0.8390311220683841
    ],
    "L": [
        6.2e-05,
        6.2e-05,
        7.749999999999999e-05,
        7.749999999999999e-05,
        7.749999999999999e-05,
        7.749999999999999e-05
    ],
    "n_eff": 2.2,
    "n_g": 4.4,
    "center_wavelength": 1.55e-06
}