{
    "eta": 0.996,
    "alpha": 11.51,
    "K": [
        0.6233767044710243,
        0.2732804831191475,
        0.5329071840501733,
        0.34014693768185894,
        0.07836783992624899,
        0.06862005296245852,
        0.3023983243094713
    ],
    "L": [
        7.749999999999999e-05,
        7.749999999999999e-05,
        7.749999999999999e-05,
        7.749999999999999e-05,
        7.749999999999999e-05,
        6.2e-05
    ],
    "n_eff": 2.2,
    "n_g": 4.4,
    "center_wavelength": 1.55e-06
}