{
    "eta": 0.996,
    "alpha": 52.96,
    "K": [
        0.48368375675875447,
        0.061744882363333364,
        0.1881086572217,
        0.909118103926183,
        0.46090380853362545,
        0.13347607649208226,
        0.35889350168825207
    ],
    "L": [
        6.2e-05,
        6.2e-05,
        7.749999999999999e-05,
        7.749999999999999e-05,
        7.749999999999999e-05,
        7.749999999999999e-05
    ],
    "n_eff": 2.2,
    "n_g": 4.4,
    "center_wavelength": 1.55e-06
}