{
    "eta": 0.996,
    "alpha": 11.51,
    "K": [
        0.32532645495746637,
        0.017029573415517644,
        0.010283715905095848,
        0.16368717998948148,
        0.9185961058290175,
        0.4659728885469031,
        0.261954766049174
    ],
    "L": [
        6.2e-05,
        6.2e-05,
        7.749999999999999e-05,
        6.2e-05,
        6.2e-05,
        7.749999999999999e-05
    ],
    "n_eff": 2.2,
    "n_g": 4.4,
    "center_wavelength": 1.55e-06
}