{
    "eta": 0.996,
    "alpha": 11.51,
    "K": [
        0.6069366821654892,
        0.1974885669493197,
        0.4484959825388609,
        0.4683111830568953,
        0.1123751700357804,
        0.06490881767295537,
        0.27386844686203493
    ],
    "L": [
        7.749999999999999e-05,
        7.749999999999999e-05,
        6.2e-05,
        7.749999999999999e-05,
        7.749999999999999e-05,
        6.2e-05
    ],
    "n_eff": 2.2,
    "n_g": 4.4,
    "center_wavelength": 1.55e-06
}