{
    "eta": 0.996,
    "alpha": 11.51,
    "K": [
        0.233946998682654,
        0.07413126517710539,
        0.004098672140156967,
        0.0645341228910768,
        0.3505532529113752,
        0.7140822654035964,
        0.9274679713490948
    ],
    "L": [
        6.2e-05,
        6.2e-05,
        7.749999999999999e-05,
        7.749999999999999e-05,
        6.2e-05,
        7.749999999999999e-05
    ],
    "n_eff": 2.2,
    "n_g": 4.4,
    "center_wavelength": 1.55e-06
}