{
    "eta": 0.996,
    "alpha": 52.96,
    "K": [
        0.16267101096101574,
        0.01164379985902292,
        0.1324952931438543,
        0.1961868000758111,
        0.025651481464207933,
        0.01184193894641843,
        0.18165353835885995
    ],
    "L": [
        6.2e-05,
        6.2e-05,
        7.749999999999999e-05,
        6.2e-05,
        7.749999999999999e-05,
        7.749999999999999e-05
    ],
    "n_eff": 2.2,
    "n_g": 4.4,
    "center_wavelength": 1.55e-06
}