{
    "eta": 0.996,
    "alpha": 52.96,
    "K": [
        0.37760893514664645,
        0.43879402832467324,
        0.508511214587422,
        0.7232222296980046,
        0.5847261899123821,
        0.44937058418503795,
        0.7836698998017109
    ],
    "L": [
        5.5e-05,
        5.5e-05,
        5.5e-05,
        0.000824,
        0.000824,
        0.000824
    ],
    "n_eff": 2.2,
    "n_g": 4.4,
    "center_wavelength": 1.55e-06
}