{
    "eta": 0.996,
    "alpha": 11.51,
    "K": [
        0.7902491778645845,
        0.5485113191994254,
        0.36927788136182316,
        0.08637390191240313,
        0.0439552742501787,
        0.066247817850281,
        0.29922870698686704
    ],
    "L": [
        6.2e-05,
        7.749999999999999e-05,
        6.2e-05,
        6.2e-05,
        7.749999999999999e-05,
        6.2e-05
    ],
    "n_eff": 2.2,
    "n_g": 4.4,
    "center_wavelength": 1.55e-06
}