{
    "eta": 0.996,
    "alpha": 11.51,
    "K": [
        0.5541000785962938,
        0.06968536522093766,
        0.05843069150267172,
        0.3164225793331912,
        0.4536731599428435,
        0.26425861374869203,
        0.43896268641883335
    ],
    "L": [
        7.749999999999999e-05,
        6.2e-05,
        7.749999999999999e-05,
        7.749999999999999e-05,
        7.749999999999999e-05,
        7.749999999999999e-05
    ],
    "n_eff": 2.2,
    "n_g": 4.4,
    "center_wavelength": 1.55e-06
}