{
    "eta": 0.996,
    "alpha": 11.51,
    "K": [
        0.8758441948270262,
        0.03942217767580575,
        0.002711902503375496,
        0.016067173845919547,
        0.5496313388928025,
        0.20064078570609112,
        0.19176904839708514
    ],
    "L": [
        6.2e-05,
        7.749999999999999e-05,
        6.2e-05,
        6.2e-05,
        6.2e-05,
        7.749999999999999e-05
    ],
    "n_eff": 2.2,
    "n_g": 4.4,
    "center_wavelength": 1.55e-06
}