{
    "eta": 0.996,
    "alpha": 11.51,
    "K": [
        0.08446401418861893,
        0.014965458617301919,
        0.3896006015736842,
        0.4457588802986056,
        0.009272175603953214,
        0.00704516627073426,
        0.22574536750078827
    ],
    "L": [
        6.2e-05,
        6.2e-05,
        7.749999999999999e-05,
        7.749999999999999e-05,
        7.749999999999999e-05,
        6.2e-05
    ],
    "n_eff": 2.2,
    "n_g": 4.4,
    "center_wavelength": 1.55e-06
}