{
    "eta": 0.996,
    "alpha": 52.96,
    "K": [
        0.17185097469743005,
        0.01529405891954799,
        0.14748133642620015,
        0.3927070814369663,
        0.057948410475659136,
        0.012235113560293318,
        0.18482904732510147
    ],
    "L": [
        6.2e-05,
        6.2e-05,
        7.749999999999999e-05,
        6.2e-05,
        7.749999999999999e-05,
        7.749999999999999e-05
    ],
    "n_eff": 2.2,
    "n_g": 4.4,
    "center_wavelength": 1.55e-06
}