{
    "eta": 0.996,
    "alpha": 11.51,
    "K": [
        0.38936988922185445,
        0.07981274048161419,
        0.048052685212345014,
        0.005346378396270002,
        0.012404967153206103,
        0.021818232457644693,
        0.42221399746865873
    ],
    "L": [
        6.2e-05,
        7.749999999999999e-05,
        7.749999999999999e-05,
        6.2e-05,
        7.749999999999999e-05,
        6.2e-05
    ],
    "n_eff": 2.2,
    "n_g": 4.4,
    "center_wavelength": 1.55e-06
}