{
    "eta": 0.996,
    "alpha": 52.96,
    "K": [
        0.5628071823161988,
        0.15686419881360558,
        0.23648337404657757,
        0.31994342786347485,
        0.1616853455666556,
        0.06199069111210691,
        0.2651022997174156
    ],
    "L": [
        7.749999999999999e-05,
        6.2e-05,
        6.2e-05,
        7.749999999999999e-05,
        7.749999999999999e-05,
        7.749999999999999e-05
    ],
    "n_eff": 2.2,
    "n_g": 4.4,
    "center_wavelength": 1.55e-06
}