{
    "eta": 0.996,
    "alpha": 11.51,
    "K": [
        0.24953337430457306,
        0.05655982960813544,
        0.03638269462080951,
        0.08916611629185878,
        0.585370135722033,
        0.9855026198758324,
        0.9870072965976144
    ],
    "L": [
        7.749999999999999e-05,
        6.2e-05,
        6.2e-05,
        6.2e-05,
        7.749999999999999e-05,
        6.2e-05
    ],
    "n_eff": 2.2,
    "n_g": 4.4,
    "center_wavelength": 1.55e-06
}