{
    "eta": 0.996,
    "alpha": 11.51,
    "K": [
        0.40099213057320693,
        0.14290995427048273,
        0.16479898625234646,
        0.1754111275878085,
        0.0726171446005574,
        0.07459968030911994,
        0.5188749406022792
    ],
    "L": [
        7.749999999999999e-05,
        7.749999999999999e-05,
        7.749999999999999e-05,
        7.749999999999999e-05,
        6.2e-05,
        7.749999999999999e-05
    ],
    "n_eff": 2.2,
    "n_g": 4.4,
    "center_wavelength": 1.55e-06
}