{
    "eta": 0.996,
    "alpha": 11.51,
    "K": [
        0.27213139405638914,
        0.0646934626598975,
        0.04882694851800319,
        0.055594088167075055,
        0.10297531642994276,
        0.34878525555028184,
        0.8938032984718559
    ],
    "L": [
        6.2e-05,
        7.749999999999999e-05,
        7.749999999999999e-05,
        7.749999999999999e-05,
        7.749999999999999e-05,
        6.2e-05
    ],
    "n_eff": 2.2,
    "n_g": 4.4,
    "center_wavelength": 1.55e-06
}