{
    "eta": 0.996,
    "alpha": 52.96,
    "K": [
        0.40878243707218376,
        0.06548052768521956,
        0.07425258640699328,
        0.13018982268829826,
        0.2777390200099979,
        0.5655479273563062,
        0.9294712533387446
    ],
    "L": [
        6.2e-05,
        6.2e-05,
        7.749999999999999e-05,
        7.749999999999999e-05,
        7.749999999999999e-05,
        7.749999999999999e-05
    ],
    "n_eff": 2.2,
    "n_g": 4.4,
    "center_wavelength": 1.55e-06
}