{
    "eta": 0.996,
    "alpha": 11.51,
    "K": [
        0.2733300721983618,
        0.06591680859757303,
        0.03845704176305312,
        0.03562150822103441,
        0.08677679429709192,
        0.5167546854325381,
        0.9891779754390237
    ],
    "L": [
        6.2e-05,
        7.749999999999999e-05,
        6.2e-05,
        6.2e-05,
        6.2e-05,
        7.749999999999999e-05
    ],
    "n_eff": 2.2,
    "n_g": 4.4,
    "center_wavelength": 1.55e-06
}