{
    "eta": 0.996,
    "alpha": 52.96,
    "K": [
        0.10563668434948859,
        0.037220733862600996,
        0.045542740259829795,
        0.04911266163212996,
        0.06481981185437502,
        0.13641093692926493,
        0.6462029473441702
    ],
    "L": [
        6.2e-05,
        6.2e-05,
        7.749999999999999e-05,
        7.749999999999999e-05,
        7.749999999999999e-05,
        7.749999999999999e-05
    ],
    "n_eff": 2.2,
    "n_g": 4.4,
    "center_wavelength": 1.55e-06
}