{
    "eta": 0.996,
    "alpha": 52.96,
    "K": [
        0.6055780886605661,
        0.16306610824372636,
        0.10367772689221061,
        0.11981272588055739,
        0.11813607330703398,
        0.1012188382593194,
        0.5063295363065389
    ],
    "L": [
        9.299999999999998e-05,
        9.299999999999998e-05,
        0.0001085,
        0.0001085,
        0.0001085,
        0.0001085
    ],
    "n_eff": 2.2,
    "n_g": 4.4,
    "center_wavelength": 1.55e-06
}