{
    "eta": 0.996,
    "alpha": 11.51,
    "K": [
        0.7228481517336025,
        0.4162193139747209,
        0.19591147971054212,
        0.020965381630762836,
        0.004195933898574977,
        0.04422892842649856,
        0.2076255042975098
    ],
    "L": [
        6.2e-05,
        7.749999999999999e-05,
        6.2e-05,
        6.2e-05,
        7.749999999999999e-05,
        7.749999999999999e-05
    ],
    "n_eff": 2.2,
    "n_g": 4.4,
    "center_wavelength": 1.55e-06
}