{
    "eta": 0.996,
    "alpha": 52.96,
    "K": [
        0.2567177106855818,
        0.07072712842687706,
        0.07564205936216667,
        0.4363110430737416,
        0.6358321128293543,
        0.2747314208493815,
        0.610536540987433
    ],
    "L": [
        6.2e-05,
        6.2e-05,
        7.749999999999999e-05,
        7.749999999999999e-05,
        7.749999999999999e-05,
        7.749999999999999e-05
    ],
    "n_eff": 2.2,
    "n_g": 4.4,
    "center_wavelength": 1.55e-06
}