{
    "eta": 0.996,
    "alpha": 11.51,
    "K": [
        0.2747200126873321,
        0.04070295423298313,
        0.5724828767337143,
        0.4001881450551762,
        0.012014854175285276,
        0.007794805887033052,
        0.07870672059678507
    ],
    "L": [
        6.2e-05,
        6.2e-05,
        7.749999999999999e-05,
        7.749999999999999e-05,
        7.749999999999999e-05,
        6.2e-05
    ],
    "n_eff": 2.2,
    "n_g": 4.4,
    "center_wavelength": 1.55e-06
}