{
    "eta": 0.996,
    "alpha": 11.51,
    "K": [
        0.5077501872051642,
        0.07302898991554957,
        0.177963058741333,
        0.8970434786326891,
        0.5523832152034298,
        0.11733578943794976,
        0.33570006264805763
    ],
    "L": [
        6.2e-05,
        6.2e-05,
        7.749999999999999e-05,
        7.749999999999999e-05,
        7.749999999999999e-05,
        7.749999999999999e-05
    ],
    "n_eff": 2.2,
    "n_g": 4.4,
    "center_wavelength": 1.55e-06
}