{
    "eta": 0.996,
    "alpha": 11.51,
    "K": [
        0.4882375723048303,
        0.07953797104467908,
        0.1526014352949372,
        0.5801789599157886,
        0.2929604794254663,
        0.08716165747107019,
        0.31308715248703356
    ],
    "L": [
        6.2e-05,
        7.749999999999999e-05,
        7.749999999999999e-05,
        6.2e-05,
        6.2e-05,
        6.2e-05
    ],
    "n_eff": 2.2,
    "n_g": 4.4,
    "center_wavelength": 1.55e-06
}