{
    "n_g": 4.4,
    "n_eff": 2.2,
    "eta": 0.996,
    "alpha": 52.96,
    "center_wavelength": 1.55e-06,
    "length_of_3db_band": 1e-09,
    "max_crosstalk": -30,
    "H_p": -20,
    "H_s": -60,
    "H_i": -10,
    "r_max": 5,
    "weight": [
        1.0,
        3.5,
        1.0,
        5.0,
        3.5,
        1.0,
        1.0,
        0.5,
        0.5,
        0.5,
        0.5,
        0.5,
        0.5,
        0.5
    ],
    "format": false,
    "simulate_one_cycle": true,
    "name": "",
    "label": "",
    "skip_graph": true,
    "skip_evaluation": false,
    "ignore_binary_evaluation": true,
    "K": [
        0.18130156897884706,
        0.052700945816055826,
        0.02541176042611773,
        0.02433256056560031,
        0.023207810760120125,
        0.02898477510452437,
        0.33293176482659687
    ],
    "L": [
        7.75e-05,
        7.75e-05,
        6.2e-05,
        7.75e-05,
        6.2e-05,
        6.2e-05
    ],
    "lambda_limit": []
}