{
    "eta": 0.996,
    "alpha": 52.96,
    "K": [
        0.18130156897884706,
        0.052700945816055826,
        0.02541176042611773,
        0.02433256056560031,
        0.023207810760120125,
        0.02898477510452437,
        0.33293176482659687
    ],
    "L": [
        7.75e-05,
        7.75e-05,
        6.2e-05,
        7.75e-05,
        6.2e-05,
        6.2e-05
    ],
    "n_eff": 2.2,
    "n_g": 4.4,
    "center_wavelength": 1.55e-06
}