{
    "eta": 0.996,
    "alpha": 52.96,
    "K": [
        0.47241681701337923,
        0.08611781721766826,
        0.057625553358704174,
        0.05546314509036704,
        0.05701789180688932,
        0.11401277728080256,
        0.6269232337619329
    ],
    "L": [
        7.749999999999999e-05,
        7.749999999999999e-05,
        7.749999999999999e-05,
        7.749999999999999e-05,
        7.749999999999999e-05,
        0.000124
    ],
    "n_eff": 2.2,
    "n_g": 4.4,
    "center_wavelength": 1.55e-06
}