{
    "eta": 0.996,
    "alpha": 11.51,
    "K": [
        0.7213316029459872,
        0.10886384034229035,
        0.025956176631473024,
        0.028391539685355193,
        0.013070542713668037,
        0.06569586686687345,
        0.44475443514112745
    ],
    "L": [
        7.749999999999999e-05,
        7.749999999999999e-05,
        6.2e-05,
        6.2e-05,
        7.749999999999999e-05,
        7.749999999999999e-05
    ],
    "n_eff": 2.2,
    "n_g": 4.4,
    "center_wavelength": 1.55e-06
}