{
    "eta": 0.996,
    "alpha": 52.96,
    "K": [
        0.22166704484155392,
        0.020102182879068287,
        0.15901356983086162,
        0.7916850046489294,
        0.19853325172679037,
        0.021425143930233148,
        0.24424225303978875
    ],
    "L": [
        6.2e-05,
        6.2e-05,
        7.749999999999999e-05,
        6.2e-05,
        7.749999999999999e-05,
        7.749999999999999e-05
    ],
    "n_eff": 2.2,
    "n_g": 4.4,
    "center_wavelength": 1.55e-06
}