{
    "eta": 0.996,
    "alpha": 11.51,
    "K": [
        0.25352478816051727,
        0.0498821042896128,
        0.038760875334731784,
        0.057982427412971445,
        0.11768483213890187,
        0.46335667917074264,
        0.9562575369957651
    ],
    "L": [
        6.2e-05,
        6.2e-05,
        7.749999999999999e-05,
        7.749999999999999e-05,
        7.749999999999999e-05,
        7.749999999999999e-05
    ],
    "n_eff": 2.2,
    "n_g": 4.4,
    "center_wavelength": 1.55e-06
}