{
    "eta": 0.996,
    "alpha": 11.51,
    "K": [
        0.30607917837241716,
        0.07268146224453095,
        0.2104606780427606,
        0.5909783070643455,
        0.21082208502924246,
        0.08628020536084646,
        0.4848422732536943
    ],
    "L": [
        6.2e-05,
        6.2e-05,
        6.2e-05,
        7.749999999999999e-05,
        7.749999999999999e-05,
        6.2e-05
    ],
    "n_eff": 2.2,
    "n_g": 4.4,
    "center_wavelength": 1.55e-06
}