{
    "eta": 0.996,
    "alpha": 11.51,
    "K": [
        0.4746241615231556,
        0.08816282926202527,
        0.19318349543267566,
        0.41799896091927563,
        0.18541555791861386,
        0.08877385011666329,
        0.3145156086459671
    ],
    "L": [
        6.2e-05,
        7.749999999999999e-05,
        7.749999999999999e-05,
        6.2e-05,
        7.749999999999999e-05,
        6.2e-05
    ],
    "n_eff": 2.2,
    "n_g": 4.4,
    "center_wavelength": 1.55e-06
}