{
    "eta": 0.996,
    "alpha": 11.51,
    "K": [
        0.1135721524026688,
        0.043273079378674986,
        0.0393258969877619,
        0.05376787867926501,
        0.07626348814320896,
        0.2085120639977751,
        0.7736568789914744
    ],
    "L": [
        6.2e-05,
        6.2e-05,
        7.749999999999999e-05,
        7.749999999999999e-05,
        7.749999999999999e-05,
        7.749999999999999e-05
    ],
    "n_eff": 2.2,
    "n_g": 4.4,
    "center_wavelength": 1.55e-06
}