{
    "eta": 0.996,
    "alpha": 52.96,
    "K": [
        0.5495713428951705,
        0.07725448928425716,
        0.02992021211465201,
        0.01444586120957303,
        0.11266278032288973,
        0.06965644373119911,
        0.43001424096231666
    ],
    "L": [
        7.749999999999999e-05,
        6.2e-05,
        6.2e-05,
        7.749999999999999e-05,
        7.749999999999999e-05,
        7.749999999999999e-05
    ],
    "n_eff": 2.2,
    "n_g": 4.4,
    "center_wavelength": 1.55e-06
}