{
    "eta": 0.996,
    "alpha": 52.96,
    "K": [
        0.2127662865589285,
        0.040743797358003174,
        0.06439375154072279,
        0.05643408463697178,
        0.02357863623018439,
        0.05573236943982469,
        0.15996658867357633
    ],
    "L": [
        6.2e-05,
        7.749999999999999e-05,
        7.749999999999999e-05,
        7.749999999999999e-05,
        6.2e-05,
        6.2e-05
    ],
    "n_eff": 2.2,
    "n_g": 4.4,
    "center_wavelength": 1.55e-06
}