{
    "eta": 0.996,
    "alpha": 11.51,
    "K": [
        0.5808164751675662,
        0.5023976073513706,
        0.43676941230553556,
        0.1218014075673968,
        0.04614926277658722,
        0.09160896933570273,
        0.5527055937665898
    ],
    "L": [
        7.749999999999999e-05,
        7.749999999999999e-05,
        7.749999999999999e-05,
        6.2e-05,
        7.749999999999999e-05,
        7.749999999999999e-05
    ],
    "n_eff": 2.2,
    "n_g": 4.4,
    "center_wavelength": 1.55e-06
}