{
    "eta": 0.996,
    "alpha": 52.96,
    "K": [
        0.16031926903624338,
        0.031271016361727834,
        0.0154060212935353,
        0.04286507589239911,
        0.19778001415514992,
        0.08601219718294399,
        0.26574797750760254
    ],
    "L": [
        6.2e-05,
        7.749999999999999e-05,
        7.749999999999999e-05,
        6.2e-05,
        6.2e-05,
        6.2e-05
    ],
    "n_eff": 2.2,
    "n_g": 4.4,
    "center_wavelength": 1.55e-06
}