{
    "eta": 0.996,
    "alpha": 52.96,
    "K": [
        0.10050421465800813,
        0.04076855568630771,
        0.0384249574588295,
        0.051039711937737514,
        0.062224220902224896,
        0.13819342539296825,
        0.6671013534800194
    ],
    "L": [
        6.2e-05,
        6.2e-05,
        7.749999999999999e-05,
        7.749999999999999e-05,
        7.749999999999999e-05,
        7.749999999999999e-05
    ],
    "n_eff": 2.2,
    "n_g": 4.4,
    "center_wavelength": 1.55e-06
}