{
    "eta": 0.996,
    "alpha": 52.96,
    "K": [
        0.40685775066591673,
        0.08220915161703829,
        0.11238616812683061,
        0.4175405872898539,
        0.48188948865874326,
        0.10746538909791986,
        0.37333198961874914
    ],
    "L": [
        6.2e-05,
        6.2e-05,
        7.749999999999999e-05,
        7.749999999999999e-05,
        7.749999999999999e-05,
        7.749999999999999e-05
    ],
    "n_eff": 2.2,
    "n_g": 4.4,
    "center_wavelength": 1.55e-06
}