{
    "eta": 0.996,
    "alpha": 11.51,
    "K": [
        0.5502698122128962,
        0.16399261300520013,
        0.38758771814812426,
        0.3649063078169967,
        0.0926259042856853,
        0.06319130188754331,
        0.26669707648462077
    ],
    "L": [
        6.2e-05,
        6.2e-05,
        7.749999999999999e-05,
        7.749999999999999e-05,
        7.749999999999999e-05,
        6.2e-05
    ],
    "n_eff": 2.2,
    "n_g": 4.4,
    "center_wavelength": 1.55e-06
}