{
    "eta": 0.996,
    "alpha": 52.96,
    "K": [
        0.025739804897253228,
        0.030239281236421577,
        0.028457581941786762,
        0.04182072669138607,
        0.06542772719337549,
        0.20329232735537545,
        0.784202529469891
    ],
    "L": [
        6.2e-05,
        6.2e-05,
        7.749999999999999e-05,
        7.749999999999999e-05,
        7.749999999999999e-05,
        7.749999999999999e-05
    ],
    "n_eff": 2.2,
    "n_g": 4.4,
    "center_wavelength": 1.55e-06
}