{
    "eta": 0.996,
    "alpha": 52.96,
    "K": [
        0.4480782567449186,
        0.05550903431719695,
        0.027480751969288297,
        0.023776694290632054,
        0.03401719184090404,
        0.09269074313538204,
        0.13645016110078603
    ],
    "L": [
        6.2e-05,
        6.2e-05,
        6.2e-05,
        6.2e-05,
        7.749999999999999e-05,
        7.749999999999999e-05
    ],
    "n_eff": 2.2,
    "n_g": 4.4,
    "center_wavelength": 1.55e-06
}