{
    "eta": 0.996,
    "alpha": 11.51,
    "K": [
        0.6157765229206529,
        0.1527992912809653,
        0.4191837693328082,
        0.7338341499186363,
        0.1913807688168857,
        0.0656123591444307,
        0.254513416953735
    ],
    "L": [
        7.749999999999999e-05,
        7.749999999999999e-05,
        6.2e-05,
        6.2e-05,
        7.749999999999999e-05,
        6.2e-05
    ],
    "n_eff": 2.2,
    "n_g": 4.4,
    "center_wavelength": 1.55e-06
}