{
    "eta": 0.996,
    "alpha": 52.96,
    "K": [
        0.08922738382203182,
        0.04132765524332449,
        0.050429257604824085,
        0.03987092838843731,
        0.056422966607703184,
        0.08240364974101844,
        0.5330683101661029
    ],
    "L": [
        6.2e-05,
        6.2e-05,
        7.749999999999999e-05,
        7.749999999999999e-05,
        7.749999999999999e-05,
        7.749999999999999e-05
    ],
    "n_eff": 2.2,
    "n_g": 4.4,
    "center_wavelength": 1.55e-06
}