{
    "eta": 0.996,
    "alpha": 11.51,
    "K": [
        0.6323588180325028,
        0.17590378398680606,
        0.3627111162739454,
        0.34981521930747717,
        0.06923547873641211,
        0.06340500222198286,
        0.30838254165075485
    ],
    "L": [
        7.749999999999999e-05,
        6.2e-05,
        7.749999999999999e-05,
        6.2e-05,
        6.2e-05,
        7.749999999999999e-05
    ],
    "n_eff": 2.2,
    "n_g": 4.4,
    "center_wavelength": 1.55e-06
}