{
    "eta": 0.996,
    "alpha": 11.51,
    "K": [
        0.2961336922831538,
        0.09862372563955013,
        0.1444646355708889,
        0.14613475121382463,
        0.08012213452682354,
        0.10478665413095128,
        0.5570571651904155
    ],
    "L": [
        6.2e-05,
        6.2e-05,
        7.749999999999999e-05,
        7.749999999999999e-05,
        7.749999999999999e-05,
        7.749999999999999e-05
    ],
    "n_eff": 2.2,
    "n_g": 4.4,
    "center_wavelength": 1.55e-06
}