{
    "eta": 0.996,
    "alpha": 11.51,
    "K": [
        0.9094980531804226,
        0.9801796958259904,
        0.3682952448171048,
        0.06290779381114481,
        0.010986011831097597,
        0.02362194110450927,
        0.37907644279431163
    ],
    "L": [
        7.749999999999999e-05,
        6.2e-05,
        7.749999999999999e-05,
        7.749999999999999e-05,
        6.2e-05,
        6.2e-05
    ],
    "n_eff": 2.2,
    "n_g": 4.4,
    "center_wavelength": 1.55e-06
}