{
    "eta": 0.996,
    "alpha": 11.51,
    "K": [
        0.7561742203314302,
        0.18839406242693613,
        0.07010900679938661,
        0.0513053861291812,
        0.038792576069041566,
        0.044265000175107136,
        0.1142286668066029
    ],
    "L": [
        7.749999999999999e-05,
        7.749999999999999e-05,
        7.749999999999999e-05,
        7.749999999999999e-05,
        6.2e-05,
        6.2e-05
    ],
    "n_eff": 2.2,
    "n_g": 4.4,
    "center_wavelength": 1.55e-06
}