{
    "eta": 0.996,
    "alpha": 52.96,
    "K": [
        0.22050434850602033,
        0.04644847162878849,
        0.011033002758279706,
        0.05838438668790338,
        0.06610217036913209,
        0.05994747375049633,
        0.42902748905645205
    ],
    "L": [
        6.2e-05,
        6.2e-05,
        7.749999999999999e-05,
        7.749999999999999e-05,
        7.749999999999999e-05,
        7.749999999999999e-05
    ],
    "n_eff": 2.2,
    "n_g": 4.4,
    "center_wavelength": 1.55e-06
}