{
    "eta": 0.996,
    "alpha": 52.96,
    "K": [
        0.6641907767959941,
        0.11016007976955126,
        0.04709320283669611,
        0.16869564581132218,
        0.6609707201902038,
        0.4298690498848554,
        0.2970127191357922
    ],
    "L": [
        7.749999999999999e-05,
        6.2e-05,
        6.2e-05,
        7.749999999999999e-05,
        7.749999999999999e-05,
        7.749999999999999e-05
    ],
    "n_eff": 2.2,
    "n_g": 4.4,
    "center_wavelength": 1.55e-06
}