{
    "eta": 0.996,
    "alpha": 52.96,
    "K": [
        0.11203292229181819,
        0.04292918981024959,
        0.039928376359613105,
        0.06009966570154957,
        0.10318600506170787,
        0.33050055195570804,
        0.882686569869237
    ],
    "L": [
        6.2e-05,
        6.2e-05,
        7.749999999999999e-05,
        7.749999999999999e-05,
        7.749999999999999e-05,
        7.749999999999999e-05
    ],
    "n_eff": 2.2,
    "n_g": 4.4,
    "center_wavelength": 1.55e-06
}