{
    "eta": 0.996,
    "alpha": 11.51,
    "K": [
        0.3028252086647554,
        0.0702684031338166,
        0.11236393990996335,
        0.5136249018137847,
        0.48007360289681494,
        0.18338192302400735,
        0.5915732915116771
    ],
    "L": [
        6.2e-05,
        7.749999999999999e-05,
        7.749999999999999e-05,
        6.2e-05,
        7.749999999999999e-05,
        7.749999999999999e-05
    ],
    "n_eff": 2.2,
    "n_g": 4.4,
    "center_wavelength": 1.55e-06
}