{
    "eta": 0.996,
    "alpha": 11.51,
    "K": [
        0.5466291562870412,
        0.07183095851792322,
        0.028196698872304395,
        0.027880570670041835,
        0.05441251106812396,
        0.05782619889157011,
        0.5927640838964657
    ],
    "L": [
        6.2e-05,
        6.2e-05,
        6.2e-05,
        7.749999999999999e-05,
        7.749999999999999e-05,
        6.2e-05
    ],
    "n_eff": 2.2,
    "n_g": 4.4,
    "center_wavelength": 1.55e-06
}