{
    "eta": 0.996,
    "alpha": 11.51,
    "K": [
        0.48063762838371493,
        0.08009949774317623,
        0.031634890136283886,
        0.0628655584897715,
        0.05436668315850907,
        0.11566606201472945,
        0.6574479232865387
    ],
    "L": [
        6.2e-05,
        6.2e-05,
        7.749999999999999e-05,
        7.749999999999999e-05,
        7.749999999999999e-05,
        7.749999999999999e-05
    ],
    "n_eff": 2.2,
    "n_g": 4.4,
    "center_wavelength": 1.55e-06
}