{
    "eta": 0.996,
    "alpha": 11.51,
    "K": [
        0.25076181136537823,
        0.0702372296589599,
        0.2037822527043069,
        0.5728567140740354,
        0.2908482669360153,
        0.1203467315558504,
        0.5293752435055283
    ],
    "L": [
        6.2e-05,
        7.749999999999999e-05,
        7.749999999999999e-05,
        7.749999999999999e-05,
        7.749999999999999e-05,
        6.2e-05
    ],
    "n_eff": 2.2,
    "n_g": 4.4,
    "center_wavelength": 1.55e-06
}