{
    "eta": 0.996,
    "alpha": 52.96,
    "K": [
        0.511148999629278,
        0.08707376927832944,
        0.044847888924262835,
        0.03878486438759099,
        0.053850494781735425,
        0.06448724052191163,
        0.43510319020182864
    ],
    "L": [
        6.2e-05,
        6.2e-05,
        7.749999999999999e-05,
        6.2e-05,
        7.749999999999999e-05,
        7.749999999999999e-05
    ],
    "n_eff": 2.2,
    "n_g": 4.4,
    "center_wavelength": 1.55e-06
}