{
    "eta": 0.996,
    "alpha": 11.51,
    "K": [
        0.09200964518939547,
        0.042309143940208904,
        0.044189700367579354,
        0.046824454038108254,
        0.06203325115826158,
        0.061602988541434756,
        0.3531232960514583
    ],
    "L": [
        6.2e-05,
        6.2e-05,
        7.749999999999999e-05,
        7.749999999999999e-05,
        7.749999999999999e-05,
        7.749999999999999e-05
    ],
    "n_eff": 2.2,
    "n_g": 4.4,
    "center_wavelength": 1.55e-06
}