{
    "eta": 0.996,
    "alpha": 11.51,
    "K": [
        0.29998392271281804,
        0.09162645285382506,
        0.549568428159583,
        0.7837344639159166,
        0.13171073178869913,
        0.10136865769135454,
        0.5778468161106481
    ],
    "L": [
        6.2e-05,
        6.2e-05,
        6.2e-05,
        6.2e-05,
        7.749999999999999e-05,
        7.749999999999999e-05
    ],
    "n_eff": 2.2,
    "n_g": 4.4,
    "center_wavelength": 1.55e-06
}