{
    "eta": 0.996,
    "alpha": 52.96,
    "K": [
        0.31976362038060274,
        0.03862033172167002,
        0.05335027231762771,
        0.026602385145290168,
        0.053087262908958543,
        0.043456559497014643,
        0.375711432543151
    ],
    "L": [
        6.2e-05,
        6.2e-05,
        6.2e-05,
        7.749999999999999e-05,
        7.749999999999999e-05,
        6.2e-05
    ],
    "n_eff": 2.2,
    "n_g": 4.4,
    "center_wavelength": 1.55e-06
}