{
    "eta": 0.996,
    "alpha": 11.51,
    "K": [
        0.16584288532942304,
        0.025159442231542272,
        0.256525712099167,
        0.8550333247654216,
        0.07919466523799049,
        0.014767520660357315,
        0.29936482842724393
    ],
    "L": [
        7.749999999999999e-05,
        7.749999999999999e-05,
        6.2e-05,
        7.749999999999999e-05,
        6.2e-05,
        6.2e-05
    ],
    "n_eff": 2.2,
    "n_g": 4.4,
    "center_wavelength": 1.55e-06
}