{
    "eta": 0.996,
    "alpha": 11.51,
    "K": [
        0.21921154130741305,
        0.06290420056976252,
        0.19283348181351823,
        0.7409023342818594,
        0.43585607557721706,
        0.16527829592574003,
        0.6336981828657374
    ],
    "L": [
        6.2e-05,
        7.749999999999999e-05,
        6.2e-05,
        6.2e-05,
        7.749999999999999e-05,
        7.749999999999999e-05
    ],
    "n_eff": 2.2,
    "n_g": 4.4,
    "center_wavelength": 1.55e-06
}