{
    "eta": 0.996,
    "alpha": 52.96,
    "K": [
        0.3716654139388474,
        0.09922679882407671,
        0.004824278848667415,
        0.024204366839490628,
        0.0692349779531797,
        0.11792554223590393,
        0.5315433417053634
    ],
    "L": [
        7.749999999999999e-05,
        6.2e-05,
        6.2e-05,
        7.749999999999999e-05,
        7.749999999999999e-05,
        7.749999999999999e-05
    ],
    "n_eff": 2.2,
    "n_g": 4.4,
    "center_wavelength": 1.55e-06
}