{
    "eta": 0.996,
    "alpha": 11.51,
    "K": [
        0.34223393253993656,
        0.017786133131276194,
        0.009688575190964388,
        0.17890872317925433,
        0.9383295284677562,
        0.5212529397713912,
        0.27887713533860153
    ],
    "L": [
        6.2e-05,
        6.2e-05,
        7.749999999999999e-05,
        6.2e-05,
        6.2e-05,
        7.749999999999999e-05
    ],
    "n_eff": 2.2,
    "n_g": 4.4,
    "center_wavelength": 1.55e-06
}