{
    "eta": 0.996,
    "alpha": 11.51,
    "K": [
        0.30573209610805463,
        0.0717102055635715,
        0.24551744542127762,
        0.9663650768481046,
        0.4417882346276322,
        0.11581513516743774,
        0.5805200484624443
    ],
    "L": [
        6.2e-05,
        6.2e-05,
        7.749999999999999e-05,
        7.749999999999999e-05,
        7.749999999999999e-05,
        7.749999999999999e-05
    ],
    "n_eff": 2.2,
    "n_g": 4.4,
    "center_wavelength": 1.55e-06
}