{
    "eta": 0.996,
    "alpha": 11.51,
    "K": [
        0.3054553226826617,
        0.07194181659297287,
        0.11109810526482176,
        0.45596867828711946,
        0.41740347040254816,
        0.14382334974346064,
        0.5114056655588373
    ],
    "L": [
        6.2e-05,
        7.749999999999999e-05,
        7.749999999999999e-05,
        7.749999999999999e-05,
        7.749999999999999e-05,
        6.2e-05
    ],
    "n_eff": 2.2,
    "n_g": 4.4,
    "center_wavelength": 1.55e-06
}