{
    "eta": 0.996,
    "alpha": 11.51,
    "K": [
        0.29479732839343525,
        0.06790627306950076,
        0.07413891514326543,
        0.3421928183363854,
        0.42606647219139293,
        0.18512454667647188,
        0.6064080177150961
    ],
    "L": [
        6.2e-05,
        7.749999999999999e-05,
        6.2e-05,
        7.749999999999999e-05,
        6.2e-05,
        7.749999999999999e-05
    ],
    "n_eff": 2.2,
    "n_g": 4.4,
    "center_wavelength": 1.55e-06
}