{
    "eta": 0.996,
    "alpha": 11.51,
    "K": [
        0.10050775397594497,
        0.02513742451575457,
        0.023834284605605938,
        0.040086535196107054,
        0.08800830753621447,
        0.37343799350219314,
        0.9229086361161123
    ],
    "L": [
        6.2e-05,
        6.2e-05,
        7.749999999999999e-05,
        7.749999999999999e-05,
        7.749999999999999e-05,
        7.749999999999999e-05
    ],
    "n_eff": 2.2,
    "n_g": 4.4,
    "center_wavelength": 1.55e-06
}