{
    "eta": 0.996,
    "alpha": 52.96,
    "K": [
        0.2508130650752666,
        0.19294214995868003,
        0.46310028817012766,
        0.18143406090242398,
        0.0885475007279542,
        0.1174582730403112,
        0.5674356263655984
    ],
    "L": [
        6.2e-05,
        6.2e-05,
        7.749999999999999e-05,
        7.749999999999999e-05,
        7.749999999999999e-05,
        7.749999999999999e-05
    ],
    "n_eff": 2.2,
    "n_g": 4.4,
    "center_wavelength": 1.55e-06
}