{
    "eta": 0.996,
    "alpha": 52.96,
    "K": [
        0.4644811256015279,
        0.04411795974315447,
        0.04658777109181894,
        0.05685519340457873,
        0.054920188316523344,
        0.10402892201048475,
        0.5015199330237357
    ],
    "L": [
        6.2e-05,
        6.2e-05,
        7.749999999999999e-05,
        7.749999999999999e-05,
        7.749999999999999e-05,
        7.749999999999999e-05
    ],
    "n_eff": 2.2,
    "n_g": 4.4,
    "center_wavelength": 1.55e-06
}