{
    "eta": 0.996,
    "alpha": 52.96,
    "K": [
        0.34865044790883265,
        0.04509668048631335,
        0.036490297240065424,
        0.030573722074916276,
        0.08736058933717458,
        0.07947958681679436,
        0.4998169616627139
    ],
    "L": [
        7.749999999999999e-05,
        6.2e-05,
        6.2e-05,
        7.749999999999999e-05,
        7.749999999999999e-05,
        7.749999999999999e-05
    ],
    "n_eff": 2.2,
    "n_g": 4.4,
    "center_wavelength": 1.55e-06
}