{
    "eta": 0.996,
    "alpha": 52.96,
    "K": [
        0.3115399689553875,
        0.019310367857949522,
        0.023529723809721736,
        0.04982079176446201,
        0.03631741690447661,
        0.10808833064690725,
        0.6120222513945716
    ],
    "L": [
        6.2e-05,
        6.2e-05,
        7.749999999999999e-05,
        7.749999999999999e-05,
        7.749999999999999e-05,
        7.749999999999999e-05
    ],
    "n_eff": 2.2,
    "n_g": 4.4,
    "center_wavelength": 1.55e-06
}