{
    "eta": 0.996,
    "alpha": 11.51,
    "K": [
        0.3191762942339172,
        0.018688852502895873,
        0.012068792348465382,
        0.03352668456468752,
        0.11101035322881224,
        0.2461798764185588,
        0.4444860552504923
    ],
    "L": [
        6.2e-05,
        6.2e-05,
        7.749999999999999e-05,
        7.749999999999999e-05,
        7.749999999999999e-05,
        7.749999999999999e-05
    ],
    "n_eff": 2.2,
    "n_g": 4.4,
    "center_wavelength": 1.55e-06
}