{
    "eta": 0.996,
    "alpha": 52.96,
    "K": [
        0.3331738447669174,
        0.05576545650768185,
        0.20382089873164072,
        0.422060192416416,
        0.22797504447235947,
        0.1373715905255971,
        0.49968303042570045
    ],
    "L": [
        7.749999999999999e-05,
        6.2e-05,
        6.2e-05,
        7.749999999999999e-05,
        7.749999999999999e-05,
        7.749999999999999e-05
    ],
    "n_eff": 2.2,
    "n_g": 4.4,
    "center_wavelength": 1.55e-06
}