{
    "eta": 0.996,
    "alpha": 11.51,
    "K": [
        0.8900651960795788,
        0.8575186677896952,
        0.2844453297764622,
        0.14749871485631447,
        0.004766366217174064,
        0.04178203024456115,
        0.490816018027751
    ],
    "L": [
        6.2e-05,
        6.2e-05,
        7.749999999999999e-05,
        7.749999999999999e-05,
        6.2e-05,
        6.2e-05
    ],
    "n_eff": 2.2,
    "n_g": 4.4,
    "center_wavelength": 1.55e-06
}