{
    "eta": 0.996,
    "alpha": 52.96,
    "K": [
        0.4685344086871514,
        0.09144846688160779,
        0.03291405192018493,
        0.05799126575502794,
        0.058239029306660306,
        0.10919378624990533,
        0.6031223547148046
    ],
    "L": [
        6.2e-05,
        6.2e-05,
        7.749999999999999e-05,
        7.749999999999999e-05,
        7.749999999999999e-05,
        7.749999999999999e-05
    ],
    "n_eff": 2.2,
    "n_g": 4.4,
    "center_wavelength": 1.55e-06
}