{
    "eta": 0.996,
    "alpha": 11.51,
    "K": [
        0.4970469736988578,
        0.08134670286423042,
        0.02542454668895389,
        0.05167873865776665,
        0.05152886300162568,
        0.12539492019127182,
        0.6950738299468542
    ],
    "L": [
        6.2e-05,
        6.2e-05,
        6.2e-05,
        7.749999999999999e-05,
        7.749999999999999e-05,
        7.749999999999999e-05
    ],
    "n_eff": 2.2,
    "n_g": 4.4,
    "center_wavelength": 1.55e-06
}