{
    "eta": 0.996,
    "alpha": 52.96,
    "K": [
        0.681128017312682,
        0.11965795502586862,
        0.05169159199687823,
        0.06389613474773714,
        0.05167671185251099,
        0.05905863496562441,
        0.42024393280028793
    ],
    "L": [
        6.2e-05,
        6.2e-05,
        7.749999999999999e-05,
        7.749999999999999e-05,
        7.749999999999999e-05,
        7.749999999999999e-05
    ],
    "n_eff": 2.2,
    "n_g": 4.4,
    "center_wavelength": 1.55e-06
}