{
    "eta": 0.996,
    "alpha": 52.96,
    "K": [
        0.2893575009820989,
        0.03370949402894163,
        0.011740422409542373,
        0.05564265495369941,
        0.09910001311644578,
        0.17007949653812382,
        0.7024032060271471
    ],
    "L": [
        6.2e-05,
        6.2e-05,
        7.749999999999999e-05,
        7.749999999999999e-05,
        7.749999999999999e-05,
        7.749999999999999e-05
    ],
    "n_eff": 2.2,
    "n_g": 4.4,
    "center_wavelength": 1.55e-06
}