{
    "eta": 0.996,
    "alpha": 52.96,
    "K": [
        0.6579904641136605,
        0.16738708924632706,
        0.1083998351935247,
        0.04839848670846908,
        0.00511020808036472,
        0.14222547915858175,
        0.38146627999942123
    ],
    "L": [
        6.2e-05,
        6.2e-05,
        6.2e-05,
        6.2e-05,
        7.749999999999999e-05,
        7.749999999999999e-05
    ],
    "n_eff": 2.2,
    "n_g": 4.4,
    "center_wavelength": 1.55e-06
}