{
    "eta": 0.996,
    "alpha": 11.51,
    "K": [
        0.38096342389499455,
        0.02757707933158275,
        0.18077841409769344,
        0.984488132736123,
        0.1766359883208111,
        0.008816890541725674,
        0.07899307118372777
    ],
    "L": [
        7.749999999999999e-05,
        7.749999999999999e-05,
        6.2e-05,
        6.2e-05,
        6.2e-05,
        6.2e-05
    ],
    "n_eff": 2.2,
    "n_g": 4.4,
    "center_wavelength": 1.55e-06
}