{
    "eta": 0.996,
    "alpha": 11.51,
    "K": [
        0.027381111590330576,
        0.070029109799429,
        0.07443165951737879,
        0.009694166378413027,
        0.05656909906713564,
        0.09816665596984803,
        0.6277210940645386
    ],
    "L": [
        6.2e-05,
        7.749999999999999e-05,
        7.749999999999999e-05,
        6.2e-05,
        6.2e-05,
        7.749999999999999e-05
    ],
    "n_eff": 2.2,
    "n_g": 4.4,
    "center_wavelength": 1.55e-06
}