{
    "eta": 0.996,
    "alpha": 11.51,
    "K": [
        0.13141468457693434,
        0.03581652029213887,
        0.0338442650481793,
        0.055011323907838756,
        0.12468783848032891,
        0.5037069756201601,
        0.9643962260519162
    ],
    "L": [
        6.2e-05,
        6.2e-05,
        7.749999999999999e-05,
        7.749999999999999e-05,
        7.749999999999999e-05,
        6.2e-05
    ],
    "n_eff": 2.2,
    "n_g": 4.4,
    "center_wavelength": 1.55e-06
}