{
    "eta": 0.996,
    "alpha": 11.51,
    "K": [
        0.5890099638488768,
        0.1491977037537976,
        0.31926484703890307,
        0.48619394345983885,
        0.11819187620163313,
        0.07211315914857264,
        0.3516712000175184
    ],
    "L": [
        7.749999999999999e-05,
        7.749999999999999e-05,
        6.2e-05,
        7.749999999999999e-05,
        6.2e-05,
        7.749999999999999e-05
    ],
    "n_eff": 2.2,
    "n_g": 4.4,
    "center_wavelength": 1.55e-06
}