{
    "eta": 0.996,
    "alpha": 52.96,
    "K": [
        0.49494099715219714,
        0.07961320139012035,
        0.04371785113153215,
        0.045445876606145574,
        0.0494737468898776,
        0.06344405745503856,
        0.4936405915272342
    ],
    "L": [
        6.2e-05,
        6.2e-05,
        7.749999999999999e-05,
        6.2e-05,
        7.749999999999999e-05,
        7.749999999999999e-05
    ],
    "n_eff": 2.2,
    "n_g": 4.4,
    "center_wavelength": 1.55e-06
}