{
    "eta": 0.996,
    "alpha": 11.51,
    "K": [
        0.05320008181293299,
        0.028420079660602036,
        0.028102843039052316,
        0.04400899863451164,
        0.07783363979273983,
        0.26889352152425033,
        0.8496310936942346
    ],
    "L": [
        6.2e-05,
        6.2e-05,
        7.749999999999999e-05,
        7.749999999999999e-05,
        7.749999999999999e-05,
        7.749999999999999e-05
    ],
    "n_eff": 2.2,
    "n_g": 4.4,
    "center_wavelength": 1.55e-06
}