{
    "eta": 0.996,
    "alpha": 11.51,
    "K": [
        0.013317681432456596,
        0.0327554215201416,
        0.062314234187345996,
        0.03886106414742624,
        0.050477035409506654,
        0.12381833358268662,
        0.6725755000817933
    ],
    "L": [
        6.2e-05,
        6.2e-05,
        7.749999999999999e-05,
        7.749999999999999e-05,
        7.749999999999999e-05,
        7.749999999999999e-05
    ],
    "n_eff": 2.2,
    "n_g": 4.4,
    "center_wavelength": 1.55e-06
}