{
    "eta": 0.996,
    "alpha": 11.51,
    "K": [
        0.10596096448434693,
        0.04278669747124834,
        0.0395493596489809,
        0.054927083471139324,
        0.07937292544335332,
        0.22017244549900372,
        0.7889975050482162
    ],
    "L": [
        6.2e-05,
        6.2e-05,
        7.749999999999999e-05,
        7.749999999999999e-05,
        7.749999999999999e-05,
        7.749999999999999e-05
    ],
    "n_eff": 2.2,
    "n_g": 4.4,
    "center_wavelength": 1.55e-06
}