{
    "eta": 0.996,
    "alpha": 11.51,
    "K": [
        0.5239723420340042,
        0.07648326145769874,
        0.0972423548002469,
        0.5119783967389379,
        0.3631248184162433,
        0.09962357206206418,
        0.30828075440626324
    ],
    "L": [
        6.2e-05,
        6.2e-05,
        6.2e-05,
        7.749999999999999e-05,
        6.2e-05,
        7.749999999999999e-05
    ],
    "n_eff": 2.2,
    "n_g": 4.4,
    "center_wavelength": 1.55e-06
}