{
    "eta": 0.996,
    "alpha": 11.51,
    "K": [
        0.6662777255905501,
        0.7160629432760484,
        0.43755616248360485,
        0.23127297834355726,
        0.033546347730977366,
        0.08543171237374803,
        0.5823995580834934
    ],
    "L": [
        6.2e-05,
        6.2e-05,
        7.749999999999999e-05,
        7.749999999999999e-05,
        7.749999999999999e-05,
        7.749999999999999e-05
    ],
    "n_eff": 2.2,
    "n_g": 4.4,
    "center_wavelength": 1.55e-06
}