{
    "eta": 0.996,
    "alpha": 11.51,
    "K": [
        0.3618424900245048,
        0.09399157666617586,
        0.13595667183051038,
        0.4960423724743424,
        0.2778824239787022,
        0.08698526531644787,
        0.48497424436145836
    ],
    "L": [
        7.749999999999999e-05,
        7.749999999999999e-05,
        6.2e-05,
        7.749999999999999e-05,
        6.2e-05,
        6.2e-05
    ],
    "n_eff": 2.2,
    "n_g": 4.4,
    "center_wavelength": 1.55e-06
}