{
    "eta": 0.996,
    "alpha": 11.51,
    "K": [
        0.5055386322483668,
        0.08319421923231757,
        0.06635370967246551,
        0.34511634323981544,
        0.5455313486672732,
        0.15999076408890767,
        0.31228245663704357
    ],
    "L": [
        6.2e-05,
        7.749999999999999e-05,
        6.2e-05,
        7.749999999999999e-05,
        6.2e-05,
        6.2e-05
    ],
    "n_eff": 2.2,
    "n_g": 4.4,
    "center_wavelength": 1.55e-06
}