{
    "eta": 0.996,
    "alpha": 52.96,
    "K": [
        0.10763250608577288,
        0.04857286279116167,
        0.041635053212274765,
        0.05321691359577561,
        0.067095250880566,
        0.15075630971777373,
        0.6784615977381298
    ],
    "L": [
        6.2e-05,
        6.2e-05,
        7.749999999999999e-05,
        7.749999999999999e-05,
        7.749999999999999e-05,
        7.749999999999999e-05
    ],
    "n_eff": 2.2,
    "n_g": 4.4,
    "center_wavelength": 1.55e-06
}