{
    "eta": 0.996,
    "alpha": 11.51,
    "K": [
        0.028731979525790152,
        0.025031496209404258,
        0.02485281399259187,
        0.03891336017682667,
        0.06584380654514033,
        0.21830839450161582,
        0.8021309967959402
    ],
    "L": [
        6.2e-05,
        6.2e-05,
        7.749999999999999e-05,
        7.749999999999999e-05,
        7.749999999999999e-05,
        7.749999999999999e-05
    ],
    "n_eff": 2.2,
    "n_g": 4.4,
    "center_wavelength": 1.55e-06
}