{
    "eta": 0.996,
    "alpha": 52.96,
    "K": [
        0.9523773235328541,
        0.537946305010821,
        0.8189151421409055,
        0.12979786732830761,
        0.06079006638673479,
        0.10055609348416467,
        0.4331586293670638
    ],
    "L": [
        5.5e-05,
        5.5e-05,
        5.5e-05,
        8.24e-05,
        8.24e-05,
        8.24e-05
    ],
    "n_eff": 2.2,
    "n_g": 4.4,
    "center_wavelength": 1.55e-06
}