{
    "eta": 0.996,
    "alpha": 11.51,
    "K": [
        0.500210401614286,
        0.07931766442651389,
        0.24239527246498094,
        0.7734717762957573,
        0.2966428275521768,
        0.09285708430195666,
        0.3269968133566464
    ],
    "L": [
        6.2e-05,
        6.2e-05,
        7.749999999999999e-05,
        7.749999999999999e-05,
        7.749999999999999e-05,
        7.749999999999999e-05
    ],
    "n_eff": 2.2,
    "n_g": 4.4,
    "center_wavelength": 1.55e-06
}