{
    "eta": 0.996,
    "alpha": 11.51,
    "K": [
        0.11448261832172478,
        0.04290148957900425,
        0.04033188014434854,
        0.05783379555277546,
        0.08816225029531273,
        0.2543128631354964,
        0.8219748581490497
    ],
    "L": [
        6.2e-05,
        6.2e-05,
        7.749999999999999e-05,
        7.749999999999999e-05,
        7.749999999999999e-05,
        7.749999999999999e-05
    ],
    "n_eff": 2.2,
    "n_g": 4.4,
    "center_wavelength": 1.55e-06
}