{
    "eta": 0.996,
    "alpha": 52.96,
    "K": [
        0.3628673914859795,
        0.044854634504787036,
        0.05641542769980563,
        0.0524982820565632,
        0.04421949641235924,
        0.11942171785238494,
        0.586620021922363
    ],
    "L": [
        6.2e-05,
        7.75e-05,
        7.75e-05,
        6.2e-05,
        7.75e-05,
        7.75e-05
    ],
    "n_eff": 2.2,
    "n_g": 4.4,
    "center_wavelength": 1.55e-06
}