{
    "eta": 0.996,
    "alpha": 11.51,
    "K": [
        0.5099445933541219,
        0.07358524532854062,
        0.16115727876445712,
        0.9104147640654293,
        0.6459236420777952,
        0.12714046827764908,
        0.3333352282178642
    ],
    "L": [
        6.2e-05,
        6.2e-05,
        7.749999999999999e-05,
        7.749999999999999e-05,
        7.749999999999999e-05,
        7.749999999999999e-05
    ],
    "n_eff": 2.2,
    "n_g": 4.4,
    "center_wavelength": 1.55e-06
}