{
    "eta": 0.996,
    "alpha": 11.51,
    "K": [
        0.3459364757098904,
        0.1064744349092982,
        0.404689696718263,
        0.5856881917259363,
        0.0993418186975692,
        0.06894521575047557,
        0.5021958421164382
    ],
    "L": [
        7.749999999999999e-05,
        6.2e-05,
        7.749999999999999e-05,
        6.2e-05,
        6.2e-05,
        6.2e-05
    ],
    "n_eff": 2.2,
    "n_g": 4.4,
    "center_wavelength": 1.55e-06
}