{
    "eta": 0.996,
    "alpha": 52.96,
    "K": [
        0.20207234173810812,
        0.012340048745145183,
        0.16870634276612304,
        0.2883527780566667,
        0.029718815622182405,
        0.014948550639628522,
        0.16467016797001552
    ],
    "L": [
        6.2e-05,
        6.2e-05,
        7.749999999999999e-05,
        6.2e-05,
        7.749999999999999e-05,
        7.749999999999999e-05
    ],
    "n_eff": 2.2,
    "n_g": 4.4,
    "center_wavelength": 1.55e-06
}