{
    "eta": 0.996,
    "alpha": 11.51,
    "K": [
        0.028231458720663648,
        0.030216022969175266,
        0.029589507691894903,
        0.04373852790887851,
        0.06852443151247407,
        0.21123326876127999,
        0.7910616879868291
    ],
    "L": [
        6.2e-05,
        6.2e-05,
        7.749999999999999e-05,
        7.749999999999999e-05,
        7.749999999999999e-05,
        7.749999999999999e-05
    ],
    "n_eff": 2.2,
    "n_g": 4.4,
    "center_wavelength": 1.55e-06
}