{
    "eta": 0.996,
    "alpha": 11.51,
    "K": [
        0.3298506780015049,
        0.179494799345936,
        0.3725574842661234,
        0.21805722120601495,
        0.06630354359815693,
        0.09625781604121823,
        0.5574882152329176
    ],
    "L": [
        6.2e-05,
        6.2e-05,
        7.749999999999999e-05,
        7.749999999999999e-05,
        7.749999999999999e-05,
        7.749999999999999e-05
    ],
    "n_eff": 2.2,
    "n_g": 4.4,
    "center_wavelength": 1.55e-06
}