{
    "eta": 0.996,
    "alpha": 11.51,
    "K": [
        0.29831777591562914,
        0.06824803540140706,
        0.09343644599271722,
        0.002573792379184814,
        0.04578199555956114,
        0.09844636214271574,
        0.531863830763743
    ],
    "L": [
        6.2e-05,
        7.749999999999999e-05,
        7.749999999999999e-05,
        6.2e-05,
        6.2e-05,
        7.749999999999999e-05
    ],
    "n_eff": 2.2,
    "n_g": 4.4,
    "center_wavelength": 1.55e-06
}