{
    "eta": 0.996,
    "alpha": 11.51,
    "K": [
        0.3717221004057293,
        0.10055315040215468,
        0.18124264002244278,
        0.9122470663626197,
        0.4974345020828763,
        0.08275497040100643,
        0.4907973831301716
    ],
    "L": [
        7.749999999999999e-05,
        7.749999999999999e-05,
        6.2e-05,
        6.2e-05,
        6.2e-05,
        6.2e-05
    ],
    "n_eff": 2.2,
    "n_g": 4.4,
    "center_wavelength": 1.55e-06
}