{
    "eta": 0.996,
    "alpha": 52.96,
    "K": [
        0.32151935683602734,
        0.027100164032002272,
        0.022661974991454725,
        0.02583905686909377,
        0.027865498449227033,
        0.04505120426710624,
        0.32071645575273466
    ],
    "L": [
        7.749999999999999e-05,
        7.749999999999999e-05,
        7.749999999999999e-05,
        9.299999999999998e-05,
        9.299999999999998e-05,
        9.299999999999998e-05
    ],
    "n_eff": 2.2,
    "n_g": 4.4,
    "center_wavelength": 1.55e-06
}