{
    "eta": 0.996,
    "alpha": 11.51,
    "K": [
        0.2974679437260005,
        0.0695860428327833,
        0.09876177372814232,
        0.3107042976321414,
        0.2679344667682222,
        0.14949452017363857,
        0.5931692684813017
    ],
    "L": [
        6.2e-05,
        7.749999999999999e-05,
        7.749999999999999e-05,
        6.2e-05,
        6.2e-05,
        7.749999999999999e-05
    ],
    "n_eff": 2.2,
    "n_g": 4.4,
    "center_wavelength": 1.55e-06
}