{
    "eta": 0.996,
    "alpha": 11.51,
    "K": [
        0.5854765647706129,
        0.1074830314580932,
        0.3306557015600067,
        0.8687317498941206,
        0.2846134129943355,
        0.09132596671162176,
        0.3319411989993939
    ],
    "L": [
        7.749999999999999e-05,
        6.2e-05,
        7.749999999999999e-05,
        7.749999999999999e-05,
        7.749999999999999e-05,
        7.749999999999999e-05
    ],
    "n_eff": 2.2,
    "n_g": 4.4,
    "center_wavelength": 1.55e-06
}