{
    "eta": 0.996,
    "alpha": 11.51,
    "K": [
        0.5920909965686796,
        0.1229454698329662,
        0.2054316661784941,
        0.6299080485417567,
        0.25476755507962023,
        0.06395705255822778,
        0.26982969155258946
    ],
    "L": [
        7.749999999999999e-05,
        7.749999999999999e-05,
        6.2e-05,
        7.749999999999999e-05,
        6.2e-05,
        6.2e-05
    ],
    "n_eff": 2.2,
    "n_g": 4.4,
    "center_wavelength": 1.55e-06
}