{
    "eta": 0.996,
    "alpha": 52.96,
    "K": [
        0.3064075893764855,
        0.026364342291373712,
        0.028275419545328775,
        0.02075195357951891,
        0.04458884604288357,
        0.05046085745315688,
        0.44535852337594123
    ],
    "L": [
        7.749999999999999e-05,
        6.2e-05,
        6.2e-05,
        7.749999999999999e-05,
        7.749999999999999e-05,
        7.749999999999999e-05
    ],
    "n_eff": 2.2,
    "n_g": 4.4,
    "center_wavelength": 1.55e-06
}