{
    "eta": 0.996,
    "alpha": 11.51,
    "K": [
        0.31161692023539,
        0.08259927422726723,
        0.19207885542141614,
        0.7806367886099903,
        0.4171647733064315,
        0.1325485796028407,
        0.6054945094395706
    ],
    "L": [
        7.749999999999999e-05,
        7.749999999999999e-05,
        7.749999999999999e-05,
        7.749999999999999e-05,
        6.2e-05,
        7.749999999999999e-05
    ],
    "n_eff": 2.2,
    "n_g": 4.4,
    "center_wavelength": 1.55e-06
}