{
    "eta": 0.996,
    "alpha": 52.96,
    "K": [
        0.415484498110585,
        0.05689034069307805,
        0.03553648768154455,
        0.032428634684961516,
        0.04071549226530443,
        0.07020271025419009,
        0.1474623612476092
    ],
    "L": [
        6.2e-05,
        6.2e-05,
        6.2e-05,
        6.2e-05,
        7.749999999999999e-05,
        7.749999999999999e-05
    ],
    "n_eff": 2.2,
    "n_g": 4.4,
    "center_wavelength": 1.55e-06
}