{
    "eta": 0.996,
    "alpha": 11.51,
    "K": [
        0.5030114717262549,
        0.09197243298358754,
        0.15908114773904114,
        0.5221030865153482,
        0.27016052823861236,
        0.07479456011479291,
        0.27415494145677266
    ],
    "L": [
        6.2e-05,
        7.749999999999999e-05,
        7.749999999999999e-05,
        6.2e-05,
        6.2e-05,
        6.2e-05
    ],
    "n_eff": 2.2,
    "n_g": 4.4,
    "center_wavelength": 1.55e-06
}