{
    "eta": 0.996,
    "alpha": 11.51,
    "K": [
        0.5467173719945753,
        0.19515122393591164,
        0.38432155574040217,
        0.2955112321856692,
        0.0880092051092524,
        0.06528736489517162,
        0.2833488087439302
    ],
    "L": [
        6.2e-05,
        7.749999999999999e-05,
        6.2e-05,
        7.749999999999999e-05,
        7.749999999999999e-05,
        6.2e-05
    ],
    "n_eff": 2.2,
    "n_g": 4.4,
    "center_wavelength": 1.55e-06
}