{
    "eta": 0.996,
    "alpha": 11.51,
    "K": [
        0.5030674754451852,
        0.06481716453817016,
        0.04504119599027725,
        0.08824640274761976,
        0.3083606083081947,
        0.5323449104406063,
        0.5975127577740625
    ],
    "L": [
        6.2e-05,
        6.2e-05,
        7.749999999999999e-05,
        6.2e-05,
        7.749999999999999e-05,
        6.2e-05
    ],
    "n_eff": 2.2,
    "n_g": 4.4,
    "center_wavelength": 1.55e-06
}