{
    "eta": 0.996,
    "alpha": 52.96,
    "K": [
        0.10739166370265069,
        0.03575840177926587,
        0.04675755033173429,
        0.05037474522130836,
        0.06367746843633798,
        0.12686415384360827,
        0.6174920431849542
    ],
    "L": [
        6.2e-05,
        6.2e-05,
        7.749999999999999e-05,
        7.749999999999999e-05,
        7.749999999999999e-05,
        7.749999999999999e-05
    ],
    "n_eff": 2.2,
    "n_g": 4.4,
    "center_wavelength": 1.55e-06
}