{
    "eta": 0.996,
    "alpha": 52.96,
    "K": [
        0.6633304891625712,
        0.12947763468899326,
        0.0694292916768872,
        0.04256955929990226,
        0.027218450301540423,
        0.048677676024829475,
        0.550690608865528
    ],
    "L": [
        8.243181818181816e-05,
        8.243181818181816e-05,
        8.243181818181816e-05,
        5.495454545454545e-05,
        5.495454545454545e-05,
        5.495454545454545e-05
    ],
    "n_eff": 2.2,
    "n_g": 4.4,
    "center_wavelength": 1.55e-06
}