{
    "eta": 0.996,
    "alpha": 11.51,
    "K": [
        0.38742925470807177,
        0.04872665342656064,
        0.10067268308729772,
        0.023100536989026543,
        0.029062263256569135,
        0.06578618125435659,
        0.23278970662690196
    ],
    "L": [
        7.749999999999999e-05,
        7.749999999999999e-05,
        7.749999999999999e-05,
        6.2e-05,
        6.2e-05,
        7.749999999999999e-05
    ],
    "n_eff": 2.2,
    "n_g": 4.4,
    "center_wavelength": 1.55e-06
}