{
    "eta": 0.996,
    "alpha": 11.51,
    "K": [
        0.22191938245293452,
        0.012747530616103231,
        0.07889070251142805,
        0.04701757554863234,
        0.08068639509705461,
        0.15357339715992946,
        0.6658427109013153
    ],
    "L": [
        6.2e-05,
        6.2e-05,
        7.749999999999999e-05,
        7.749999999999999e-05,
        7.749999999999999e-05,
        7.749999999999999e-05
    ],
    "n_eff": 2.2,
    "n_g": 4.4,
    "center_wavelength": 1.55e-06
}