{
    "eta": 0.996,
    "alpha": 11.51,
    "K": [
        0.15429966910366166,
        0.018980568319146796,
        0.01837948877848862,
        0.05331882634239812,
        0.11838662435233571,
        0.14297043741611964,
        0.5322751105357812
    ],
    "L": [
        6.2e-05,
        6.2e-05,
        7.749999999999999e-05,
        7.749999999999999e-05,
        7.749999999999999e-05,
        6.2e-05
    ],
    "n_eff": 2.2,
    "n_g": 4.4,
    "center_wavelength": 1.55e-06
}