{
    "eta": 0.996,
    "alpha": 52.96,
    "K": [
        0.4232616820228106,
        0.11336212014845515,
        0.3252082831198453,
        0.4598185005959962,
        0.1484924343603347,
        0.060887617254512194,
        0.3971782056279841
    ],
    "L": [
        6.2e-05,
        6.2e-05,
        7.749999999999999e-05,
        6.2e-05,
        7.749999999999999e-05,
        7.749999999999999e-05
    ],
    "n_eff": 2.2,
    "n_g": 4.4,
    "center_wavelength": 1.55e-06
}