{
    "eta": 0.996,
    "alpha": 11.51,
    "K": [
        0.2809159893007137,
        0.06806988464023156,
        0.13268586181160252,
        0.4496372102795494,
        0.33590309213872277,
        0.13538201247406595,
        0.5206537735495487
    ],
    "L": [
        6.2e-05,
        7.749999999999999e-05,
        7.749999999999999e-05,
        6.2e-05,
        7.749999999999999e-05,
        6.2e-05
    ],
    "n_eff": 2.2,
    "n_g": 4.4,
    "center_wavelength": 1.55e-06
}