{
    "eta": 0.996,
    "alpha": 52.96,
    "K": [
        0.19557107762324696,
        0.05303311939308467,
        0.025273549963166223,
        0.024876160067680998,
        0.023656903093376275,
        0.028112032816433295,
        0.3218694099339701
    ],
    "L": [
        7.75e-05,
        7.75e-05,
        6.2e-05,
        7.75e-05,
        6.2e-05,
        6.2e-05
    ],
    "n_eff": 2.2,
    "n_g": 4.4,
    "center_wavelength": 1.55e-06
}