{
    "eta": 0.996,
    "alpha": 11.51,
    "K": [
        0.5218981718033394,
        0.03526095591452333,
        0.005401799109126859,
        0.026048934196550577,
        0.3290025401875334,
        0.4723487061311438,
        0.35163316696964925
    ],
    "L": [
        7.749999999999999e-05,
        7.749999999999999e-05,
        6.2e-05,
        6.2e-05,
        7.749999999999999e-05,
        6.2e-05
    ],
    "n_eff": 2.2,
    "n_g": 4.4,
    "center_wavelength": 1.55e-06
}