{
    "eta": 0.996,
    "alpha": 11.51,
    "K": [
        0.5866764203635672,
        0.0900828172871334,
        0.08580724274443896,
        0.3616301544562845,
        0.2699876919163553,
        0.10130122243925226,
        0.32242825117561563
    ],
    "L": [
        7.749999999999999e-05,
        6.2e-05,
        6.2e-05,
        6.2e-05,
        6.2e-05,
        7.749999999999999e-05
    ],
    "n_eff": 2.2,
    "n_g": 4.4,
    "center_wavelength": 1.55e-06
}