{
    "eta": 0.996,
    "alpha": 11.51,
    "K": [
        0.5020671143590489,
        0.0733500604811362,
        0.19850224412207368,
        0.9269789603574891,
        0.5460083305076218,
        0.11515237150416613,
        0.34321622126781787
    ],
    "L": [
        6.2e-05,
        6.2e-05,
        7.749999999999999e-05,
        7.749999999999999e-05,
        7.749999999999999e-05,
        7.749999999999999e-05
    ],
    "n_eff": 2.2,
    "n_g": 4.4,
    "center_wavelength": 1.55e-06
}