{
    "eta": 0.996,
    "alpha": 52.96,
    "K": [
        0.1987998767781648,
        0.029622645395930382,
        0.01598410733291387,
        0.030635939843182882,
        0.027396066629380714,
        0.03688935452745916,
        0.35937662098964407
    ],
    "L": [
        6.2e-05,
        6.2e-05,
        7.749999999999999e-05,
        6.2e-05,
        7.749999999999999e-05,
        7.749999999999999e-05
    ],
    "n_eff": 2.2,
    "n_g": 4.4,
    "center_wavelength": 1.55e-06
}