{
    "eta": 0.996,
    "alpha": 11.51,
    "K": [
        0.3792377633066432,
        0.023806790871445382,
        0.07096779904911305,
        0.040793486264206535,
        0.03009716294942444,
        0.06876769509435848,
        0.22235576341459745
    ],
    "L": [
        6.2e-05,
        6.2e-05,
        7.749999999999999e-05,
        7.749999999999999e-05,
        6.2e-05,
        6.2e-05
    ],
    "n_eff": 2.2,
    "n_g": 4.4,
    "center_wavelength": 1.55e-06
}