{
    "eta": 0.996,
    "alpha": 11.51,
    "K": [
        0.1269510020182833,
        0.034968632473146466,
        0.05053064903903515,
        0.05381019288764266,
        0.06694345790411305,
        0.12484952875849353,
        0.6051075688654799
    ],
    "L": [
        6.2e-05,
        6.2e-05,
        7.749999999999999e-05,
        7.749999999999999e-05,
        7.749999999999999e-05,
        7.749999999999999e-05
    ],
    "n_eff": 2.2,
    "n_g": 4.4,
    "center_wavelength": 1.55e-06
}