{
    "eta": 0.996,
    "alpha": 11.51,
    "K": [
        0.04064121761288317,
        0.02425593732520578,
        0.02366820121786644,
        0.0367915001205712,
        0.061382873477538104,
        0.20252144619364432,
        0.7864600451379554
    ],
    "L": [
        6.2e-05,
        6.2e-05,
        7.749999999999999e-05,
        7.749999999999999e-05,
        7.749999999999999e-05,
        7.749999999999999e-05
    ],
    "n_eff": 2.2,
    "n_g": 4.4,
    "center_wavelength": 1.55e-06
}