{
    "eta": 0.996,
    "alpha": 11.51,
    "K": [
        0.2530602623911704,
        0.05411093475209677,
        0.05210636682610076,
        0.008888043247515742,
        0.09429774912082184,
        0.050406475131247575,
        0.10095176757655044
    ],
    "L": [
        7.749999999999999e-05,
        6.2e-05,
        6.2e-05,
        7.749999999999999e-05,
        7.749999999999999e-05,
        6.2e-05
    ],
    "n_eff": 2.2,
    "n_g": 4.4,
    "center_wavelength": 1.55e-06
}