{
    "eta": 0.996,
    "alpha": 52.96,
    "K": [
        0.2525378810653522,
        0.007955848896331988,
        0.004305904382945766,
        0.014388151861998566,
        0.03362677844775574,
        0.08959581965532296,
        0.2523912926038747
    ],
    "L": [
        6.2e-05,
        6.2e-05,
        7.749999999999999e-05,
        7.749999999999999e-05,
        7.749999999999999e-05,
        7.749999999999999e-05
    ],
    "n_eff": 2.2,
    "n_g": 4.4,
    "center_wavelength": 1.55e-06
}