{
    "eta": 0.996,
    "alpha": 52.96,
    "K": [
        0.21536607253367243,
        0.027371281454618486,
        0.03342559096560255,
        0.04252657149718233,
        0.04645257892759289,
        0.07638731230093256,
        0.5105652385380975
    ],
    "L": [
        6.2e-05,
        6.2e-05,
        7.749999999999999e-05,
        7.749999999999999e-05,
        7.749999999999999e-05,
        7.749999999999999e-05
    ],
    "n_eff": 2.2,
    "n_g": 4.4,
    "center_wavelength": 1.55e-06
}