{
    "eta": 0.996,
    "alpha": 11.51,
    "K": [
        0.2570982987142195,
        0.07803080714140001,
        0.5030742965392615,
        0.7672365852115329,
        0.14639440296494666,
        0.11485635709106191,
        0.6001580043052314
    ],
    "L": [
        6.2e-05,
        6.2e-05,
        6.2e-05,
        6.2e-05,
        7.749999999999999e-05,
        7.749999999999999e-05
    ],
    "n_eff": 2.2,
    "n_g": 4.4,
    "center_wavelength": 1.55e-06
}