{
    "n_g": 4.4,
    "n_eff": 2.2,
    "eta": 0.996,
    "alpha": 52.96,
    "center_wavelength": 1.55e-06,
    "length_of_3db_band": 1e-09,
    "max_crosstalk": -30,
    "H_p": -20,
    "H_s": -60,
    "H_i": -10,
    "r_max": 5,
    "weight": [
        1.0,
        3.5,
        1.0,
        5.0,
        3.5,
        1.0,
        1.0,
        0.5,
        0.5,
        0.5,
        0.5,
        0.5,
        0.5,
        0.5
    ],
    "format": false,
    "simulate_one_cycle": true,
    "name": "",
    "label": "",
    "skip_graph": true,
    "skip_evaluation": false,
    "ignore_binary_evaluation": true,
    "K": [
        0.42298812062728647,
        0.06969303489042444,
        0.0028750882348380635,
        0.04463566388310897,
        0.1385290673194703,
        0.11774122332142134,
        0.5503849531382231
    ],
    "L": [
        0.00013949999999999998,
        6.2e-05,
        6.2e-05,
        0.00013949999999999998,
        0.00013949999999999998,
        0.00013949999999999998
    ],
    "lambda_limit": []
}