{
    "eta": 0.996,
    "alpha": 52.96,
    "K": [
        0.11366270951214302,
        0.04404262803760344,
        0.04035544385894915,
        0.052650776585054584,
        0.06006433967858007,
        0.12282190953788928,
        0.6236874314390278
    ],
    "L": [
        6.2e-05,
        6.2e-05,
        7.749999999999999e-05,
        7.749999999999999e-05,
        7.749999999999999e-05,
        7.749999999999999e-05
    ],
    "n_eff": 2.2,
    "n_g": 4.4,
    "center_wavelength": 1.55e-06
}