{
    "eta": 0.996,
    "alpha": 11.51,
    "K": [
        0.44667984360875546,
        0.05559013097948462,
        0.6313711520350128,
        0.6752632395812668,
        0.004125732567567153,
        0.002269388783845472,
        0.17360571292450355
    ],
    "L": [
        7.749999999999999e-05,
        7.749999999999999e-05,
        7.749999999999999e-05,
        7.749999999999999e-05,
        6.2e-05,
        7.749999999999999e-05
    ],
    "n_eff": 2.2,
    "n_g": 4.4,
    "center_wavelength": 1.55e-06
}