{
    "eta": 0.996,
    "alpha": 11.51,
    "K": [
        0.2705467800884046,
        0.010308841689769699,
        0.006934037386746861,
        0.18380025984801485,
        0.2709169607926785,
        0.030373948447319832,
        0.11366710537442837
    ],
    "L": [
        6.2e-05,
        7.749999999999999e-05,
        7.749999999999999e-05,
        7.749999999999999e-05,
        6.2e-05,
        6.2e-05
    ],
    "n_eff": 2.2,
    "n_g": 4.4,
    "center_wavelength": 1.55e-06
}