{
    "eta": 0.996,
    "alpha": 52.96,
    "K": [
        0.8890714684582423,
        0.3621173251448069,
        0.0700906175351298,
        0.06848588199099481,
        0.050551005395970794,
        0.10778215462891638,
        0.6096251394954479
    ],
    "L": [
        6.2e-05,
        6.2e-05,
        7.749999999999999e-05,
        7.749999999999999e-05,
        7.749999999999999e-05,
        7.749999999999999e-05
    ],
    "n_eff": 2.2,
    "n_g": 4.4,
    "center_wavelength": 1.55e-06
}