{
    "eta": 0.996,
    "alpha": 52.96,
    "K": [
        0.24472597653857248,
        0.08441731368245625,
        0.1353538381592858,
        0.16231729673504441,
        0.09057489883637287,
        0.11313465110507276,
        0.5781003695271866
    ],
    "L": [
        6.2e-05,
        6.2e-05,
        7.749999999999999e-05,
        7.749999999999999e-05,
        7.749999999999999e-05,
        7.749999999999999e-05
    ],
    "n_eff": 2.2,
    "n_g": 4.4,
    "center_wavelength": 1.55e-06
}