{
    "eta": 0.996,
    "alpha": 11.51,
    "K": [
        0.9465882790833765,
        0.3884039152721598,
        0.09885655801586367,
        0.05798077298356216,
        0.03885035834692036,
        0.06351334290095652,
        0.31480081190318593
    ],
    "L": [
        6.2e-05,
        6.2e-05,
        7.749999999999999e-05,
        7.749999999999999e-05,
        6.2e-05,
        7.749999999999999e-05
    ],
    "n_eff": 2.2,
    "n_g": 4.4,
    "center_wavelength": 1.55e-06
}