{
    "eta": 0.996,
    "alpha": 11.51,
    "K": [
        0.8837665929014952,
        0.9677656887765815,
        0.4042826783029975,
        0.12263303423960757,
        0.004365939280678006,
        0.03203039879613911,
        0.4461845672368607
    ],
    "L": [
        7.749999999999999e-05,
        6.2e-05,
        7.749999999999999e-05,
        7.749999999999999e-05,
        6.2e-05,
        6.2e-05
    ],
    "n_eff": 2.2,
    "n_g": 4.4,
    "center_wavelength": 1.55e-06
}