{
    "eta": 0.996,
    "alpha": 11.51,
    "K": [
        0.6248667091476064,
        0.17192873831116073,
        0.37668641101741895,
        0.5918106406293991,
        0.16860535920321562,
        0.06435977839964674,
        0.243108712793499
    ],
    "L": [
        7.749999999999999e-05,
        7.749999999999999e-05,
        6.2e-05,
        7.749999999999999e-05,
        7.749999999999999e-05,
        6.2e-05
    ],
    "n_eff": 2.2,
    "n_g": 4.4,
    "center_wavelength": 1.55e-06
}