{
    "eta": 0.996,
    "alpha": 11.51,
    "K": [
        0.1173392155868952,
        0.012750106736015066,
        0.02055649631216705,
        0.28710391479114267,
        0.26133443280787894,
        0.03204512751793487,
        0.2997885579421755
    ],
    "L": [
        6.2e-05,
        7.749999999999999e-05,
        7.749999999999999e-05,
        6.2e-05,
        6.2e-05,
        6.2e-05
    ],
    "n_eff": 2.2,
    "n_g": 4.4,
    "center_wavelength": 1.55e-06
}