{
    "eta": 0.996,
    "alpha": 11.51,
    "K": [
        0.11271493050609555,
        0.03943527725163093,
        0.03569820558978881,
        0.04829396664711377,
        0.06585146420486832,
        0.1658439974625856,
        0.6979570820207012
    ],
    "L": [
        6.2e-05,
        6.2e-05,
        7.749999999999999e-05,
        7.749999999999999e-05,
        7.749999999999999e-05,
        7.749999999999999e-05
    ],
    "n_eff": 2.2,
    "n_g": 4.4,
    "center_wavelength": 1.55e-06
}