{
    "eta": 0.996,
    "alpha": 52.96,
    "K": [
        0.4767936834423727,
        0.0845441714960199,
        0.04644832535488563,
        0.01336489288528847,
        0.07603248375773808,
        0.04364770139522833,
        0.382589635682429
    ],
    "L": [
        6.2e-05,
        7.749999999999999e-05,
        7.749999999999999e-05,
        6.2e-05,
        6.2e-05,
        6.2e-05
    ],
    "n_eff": 2.2,
    "n_g": 4.4,
    "center_wavelength": 1.55e-06
}