{
    "eta": 0.996,
    "alpha": 11.51,
    "K": [
        0.07560449505133267,
        0.007624632428712198,
        0.01020651447134471,
        0.024812106805715065,
        0.024010035139120794,
        0.028066235941564825,
        0.33209770353312634
    ],
    "L": [
        6.2e-05,
        6.2e-05,
        7.749999999999999e-05,
        7.749999999999999e-05,
        7.749999999999999e-05,
        7.749999999999999e-05
    ],
    "n_eff": 2.2,
    "n_g": 4.4,
    "center_wavelength": 1.55e-06
}