{
    "eta": 0.996,
    "alpha": 11.51,
    "K": [
        0.49037132499995745,
        0.07728542967867491,
        0.058018151251227,
        0.4307019012068929,
        0.9012570573807971,
        0.31561513616132564,
        0.35052607337893693
    ],
    "L": [
        6.2e-05,
        7.749999999999999e-05,
        6.2e-05,
        7.749999999999999e-05,
        7.749999999999999e-05,
        6.2e-05
    ],
    "n_eff": 2.2,
    "n_g": 4.4,
    "center_wavelength": 1.55e-06
}