{
    "eta": 0.996,
    "alpha": 11.51,
    "K": [
        0.5641248732075749,
        0.0753142884326985,
        0.12090539862219185,
        0.7371674607378035,
        0.49575406554233226,
        0.14946738779308444,
        0.3826835479049693
    ],
    "L": [
        7.749999999999999e-05,
        6.2e-05,
        7.749999999999999e-05,
        6.2e-05,
        7.749999999999999e-05,
        7.749999999999999e-05
    ],
    "n_eff": 2.2,
    "n_g": 4.4,
    "center_wavelength": 1.55e-06
}