{
    "eta": 0.996,
    "alpha": 11.51,
    "K": [
        0.3322890193235225,
        0.06521756892037606,
        0.05745205437104799,
        0.24192615278142018,
        0.36238203036763456,
        0.22552376432996107,
        0.6237154567924404
    ],
    "L": [
        7.749999999999999e-05,
        6.2e-05,
        6.2e-05,
        6.2e-05,
        7.749999999999999e-05,
        7.749999999999999e-05
    ],
    "n_eff": 2.2,
    "n_g": 4.4,
    "center_wavelength": 1.55e-06
}