{
    "eta": 0.996,
    "alpha": 11.51,
    "K": [
        0.5751998580645173,
        0.10139747915049412,
        0.04835932375812072,
        0.11577773923064177,
        0.4157596036619969,
        0.4419178143690345,
        0.510807995913148
    ],
    "L": [
        7.749999999999999e-05,
        7.749999999999999e-05,
        6.2e-05,
        7.749999999999999e-05,
        7.749999999999999e-05,
        7.749999999999999e-05
    ],
    "n_eff": 2.2,
    "n_g": 4.4,
    "center_wavelength": 1.55e-06
}