{
    "eta": 0.996,
    "alpha": 52.96,
    "K": [
        0.08194342112193619,
        0.0680757682661293,
        0.029781933787615136,
        0.03506256092132611,
        0.04194725960725182,
        0.08069479632642902,
        0.5022164294132908
    ],
    "L": [
        6.2e-05,
        6.2e-05,
        7.749999999999999e-05,
        7.749999999999999e-05,
        7.749999999999999e-05,
        7.749999999999999e-05
    ],
    "n_eff": 2.2,
    "n_g": 4.4,
    "center_wavelength": 1.55e-06
}