{
    "eta": 0.996,
    "alpha": 11.51,
    "K": [
        0.35480384864477765,
        0.32037217285118874,
        0.640087765389417,
        0.2444930855950883,
        0.06436428040671573,
        0.10423063182086814,
        0.5840265578429574
    ],
    "L": [
        6.2e-05,
        6.2e-05,
        7.749999999999999e-05,
        7.749999999999999e-05,
        7.749999999999999e-05,
        7.749999999999999e-05
    ],
    "n_eff": 2.2,
    "n_g": 4.4,
    "center_wavelength": 1.55e-06
}