{
    "eta": 0.996,
    "alpha": 52.96,
    "K": [
        0.4866005492946056,
        0.06885159209167385,
        0.04639579524372506,
        0.06101087070823391,
        0.050448150893378785,
        0.06548233041513601,
        0.49976367027957197
    ],
    "L": [
        6.2e-05,
        6.2e-05,
        7.749999999999999e-05,
        7.749999999999999e-05,
        7.749999999999999e-05,
        7.749999999999999e-05
    ],
    "n_eff": 2.2,
    "n_g": 4.4,
    "center_wavelength": 1.55e-06
}