{
    "eta": 0.996,
    "alpha": 11.51,
    "K": [
        0.7419062860976589,
        0.19481060142104112,
        0.07556415791182475,
        0.050890715065836756,
        0.0335614248701982,
        0.03751607804599538,
        0.15442563055616515
    ],
    "L": [
        7.749999999999999e-05,
        7.749999999999999e-05,
        7.749999999999999e-05,
        7.749999999999999e-05,
        6.2e-05,
        6.2e-05
    ],
    "n_eff": 2.2,
    "n_g": 4.4,
    "center_wavelength": 1.55e-06
}