{
    "eta": 0.996,
    "alpha": 11.51,
    "K": [
        0.32973589330043745,
        0.01779771599252311,
        0.010887026427503837,
        0.18166673540939943,
        0.9621156408977927,
        0.5036269994389727,
        0.2654468226169085
    ],
    "L": [
        6.2e-05,
        6.2e-05,
        7.749999999999999e-05,
        6.2e-05,
        6.2e-05,
        7.749999999999999e-05
    ],
    "n_eff": 2.2,
    "n_g": 4.4,
    "center_wavelength": 1.55e-06
}