{
    "eta": 0.996,
    "alpha": 11.51,
    "K": [
        0.5115220094879317,
        0.09158165976764897,
        0.02736862707001566,
        0.039351896955994295,
        0.01620647805481954,
        0.05985065839146385,
        0.6122537317242384
    ],
    "L": [
        7.749999999999999e-05,
        7.749999999999999e-05,
        7.749999999999999e-05,
        6.2e-05,
        6.2e-05,
        7.749999999999999e-05
    ],
    "n_eff": 2.2,
    "n_g": 4.4,
    "center_wavelength": 1.55e-06
}