{
    "eta": 0.996,
    "alpha": 52.96,
    "K": [
        0.2184664434880877,
        0.13631305781316913,
        0.39277025815607103,
        0.2884841547522694,
        0.08398137449729937,
        0.12009740555431885,
        0.6196187939785347
    ],
    "L": [
        6.2e-05,
        6.2e-05,
        7.749999999999999e-05,
        7.749999999999999e-05,
        7.749999999999999e-05,
        7.749999999999999e-05
    ],
    "n_eff": 2.2,
    "n_g": 4.4,
    "center_wavelength": 1.55e-06
}