{
    "eta": 0.996,
    "alpha": 11.51,
    "K": [
        0.24983559787752654,
        0.057062217813426803,
        0.04891016388358414,
        0.3473697806334531,
        0.8458522630487074,
        0.47103593628319884,
        0.6675675453609494
    ],
    "L": [
        7.749999999999999e-05,
        6.2e-05,
        6.2e-05,
        7.749999999999999e-05,
        7.749999999999999e-05,
        6.2e-05
    ],
    "n_eff": 2.2,
    "n_g": 4.4,
    "center_wavelength": 1.55e-06
}