{
    "eta": 0.996,
    "alpha": 52.96,
    "K": [
        0.232591094966522,
        0.05242621221587102,
        0.10731624236224119,
        0.4884197593683366,
        0.38569932252166655,
        0.18490774945407043,
        0.6268560574309762
    ],
    "L": [
        6.2e-05,
        6.2e-05,
        7.749999999999999e-05,
        7.749999999999999e-05,
        7.749999999999999e-05,
        7.749999999999999e-05
    ],
    "n_eff": 2.2,
    "n_g": 4.4,
    "center_wavelength": 1.55e-06
}