{
    "eta": 0.996,
    "alpha": 11.51,
    "K": [
        0.48331719043929616,
        0.07562203655159486,
        0.04420887370614298,
        0.10166597866526139,
        0.3593212766247245,
        0.5186069038755655,
        0.6364407887832225
    ],
    "L": [
        6.2e-05,
        7.749999999999999e-05,
        6.2e-05,
        7.749999999999999e-05,
        6.2e-05,
        7.749999999999999e-05
    ],
    "n_eff": 2.2,
    "n_g": 4.4,
    "center_wavelength": 1.55e-06
}