{
    "eta": 0.996,
    "alpha": 11.51,
    "K": [
        0.25822186791005297,
        0.09575456690439349,
        0.35123421827519996,
        0.49046746275073544,
        0.14576539112161918,
        0.11994029111184312,
        0.6012407922562044
    ],
    "L": [
        6.2e-05,
        7.749999999999999e-05,
        6.2e-05,
        7.749999999999999e-05,
        7.749999999999999e-05,
        7.749999999999999e-05
    ],
    "n_eff": 2.2,
    "n_g": 4.4,
    "center_wavelength": 1.55e-06
}