{
    "eta": 0.996,
    "alpha": 52.96,
    "K": [
        0.027326313785877132,
        0.061882604439158106,
        0.9933253849836121,
        0.05589546954221547,
        0.06008829624379125,
        0.19558813965980087,
        0.061157805033268564
    ],
    "L": [
        6.2e-05,
        6.2e-05,
        7.749999999999999e-05,
        7.749999999999999e-05,
        7.749999999999999e-05,
        7.749999999999999e-05
    ],
    "n_eff": 2.2,
    "n_g": 4.4,
    "center_wavelength": 1.55e-06
}