{
    "eta": 0.996,
    "alpha": 11.51,
    "K": [
        0.9606415892599145,
        0.8075826711612457,
        0.3741721887374863,
        0.06426590552487767,
        0.004287844082186152,
        0.0789442800329275,
        0.23664030132112565
    ],
    "L": [
        7.749999999999999e-05,
        6.2e-05,
        7.749999999999999e-05,
        7.749999999999999e-05,
        6.2e-05,
        6.2e-05
    ],
    "n_eff": 2.2,
    "n_g": 4.4,
    "center_wavelength": 1.55e-06
}