{
    "eta": 0.996,
    "alpha": 11.51,
    "K": [
        0.25637540004378645,
        0.35663253158095454,
        0.7146575834379276,
        0.2366934805238074,
        0.06830633287495813,
        0.1281522195695532,
        0.645892805274787
    ],
    "L": [
        6.2e-05,
        6.2e-05,
        7.749999999999999e-05,
        7.749999999999999e-05,
        7.749999999999999e-05,
        7.749999999999999e-05
    ],
    "n_eff": 2.2,
    "n_g": 4.4,
    "center_wavelength": 1.55e-06
}