{
    "eta": 0.996,
    "alpha": 11.51,
    "K": [
        0.5761358611059272,
        0.14181838981649925,
        0.33955127522638023,
        0.33505835678885165,
        0.07813376389099569,
        0.0753691291370342,
        0.30814232328436675
    ],
    "L": [
        7.749999999999999e-05,
        6.2e-05,
        7.749999999999999e-05,
        6.2e-05,
        7.749999999999999e-05,
        6.2e-05
    ],
    "n_eff": 2.2,
    "n_g": 4.4,
    "center_wavelength": 1.55e-06
}