{
    "eta": 0.996,
    "alpha": 52.96,
    "K": [
        0.06965881877222616,
        0.04370437203349893,
        0.04197448255313883,
        0.062096622859735655,
        0.1005714082064028,
        0.30110563189449935,
        0.858417763409537
    ],
    "L": [
        6.2e-05,
        6.2e-05,
        7.749999999999999e-05,
        7.749999999999999e-05,
        7.749999999999999e-05,
        7.749999999999999e-05
    ],
    "n_eff": 2.2,
    "n_g": 4.4,
    "center_wavelength": 1.55e-06
}