{
    "eta": 0.996,
    "alpha": 52.96,
    "K": [
        0.6133680256591169,
        0.09533937114620446,
        0.03618671043911257,
        0.033579676024786474,
        0.043101064848364436,
        0.04719776504615534,
        0.18683597852220266
    ],
    "L": [
        6.2e-05,
        6.2e-05,
        6.2e-05,
        6.2e-05,
        7.749999999999999e-05,
        7.749999999999999e-05
    ],
    "n_eff": 2.2,
    "n_g": 4.4,
    "center_wavelength": 1.55e-06
}