{
    "eta": 0.996,
    "alpha": 11.51,
    "K": [
        0.07027654987588533,
        0.0010745454352258932,
        0.1361368534890175,
        0.9051123571086295,
        0.18624171266010048,
        0.05904863059017368,
        0.667262005655013
    ],
    "L": [
        7.749999999999999e-05,
        6.2e-05,
        7.749999999999999e-05,
        6.2e-05,
        6.2e-05,
        6.2e-05
    ],
    "n_eff": 2.2,
    "n_g": 4.4,
    "center_wavelength": 1.55e-06
}