{
    "eta": 0.996,
    "alpha": 52.96,
    "K": [
        0.26968695864447384,
        0.02070916849905889,
        0.2536966467654589,
        0.8568493593660266,
        0.126039427401572,
        0.02657520266198699,
        0.16901296833135285
    ],
    "L": [
        7.75e-05,
        7.75e-05,
        6.2e-05,
        7.75e-05,
        6.2e-05,
        6.2e-05
    ],
    "n_eff": 2.2,
    "n_g": 4.4,
    "center_wavelength": 1.55e-06
}