{
    "eta": 0.996,
    "alpha": 11.51,
    "K": [
        0.38007216366229635,
        0.1301452445176019,
        0.3595370979192341,
        0.42810673181293324,
        0.07531791135309734,
        0.06205129826000083,
        0.4821492952379888
    ],
    "L": [
        7.749999999999999e-05,
        6.2e-05,
        7.749999999999999e-05,
        6.2e-05,
        6.2e-05,
        6.2e-05
    ],
    "n_eff": 2.2,
    "n_g": 4.4,
    "center_wavelength": 1.55e-06
}