{
    "eta": 0.996,
    "alpha": 11.51,
    "K": [
        0.4578116320384933,
        0.08488871283714199,
        0.012635884841426361,
        0.03820674945785587,
        0.05743376751574472,
        0.10343174327429923,
        0.59401561221119
    ],
    "L": [
        7.749999999999999e-05,
        6.2e-05,
        6.2e-05,
        7.749999999999999e-05,
        7.749999999999999e-05,
        7.749999999999999e-05
    ],
    "n_eff": 2.2,
    "n_g": 4.4,
    "center_wavelength": 1.55e-06
}