{
    "eta": 0.996,
    "alpha": 52.96,
    "K": [
        0.25804002396047204,
        0.01685948744821869,
        0.3019850615159798,
        0.9937068773117377,
        0.1341068432488533,
        0.01402236590710797,
        0.05484218912385148
    ],
    "L": [
        6.2e-05,
        6.2e-05,
        7.749999999999999e-05,
        7.749999999999999e-05,
        7.749999999999999e-05,
        7.749999999999999e-05
    ],
    "n_eff": 2.2,
    "n_g": 4.4,
    "center_wavelength": 1.55e-06
}