{
    "eta": 0.996,
    "alpha": 11.51,
    "K": [
        0.563687861873432,
        0.07091429193808563,
        0.041563091411524686,
        0.06306830832335217,
        0.0418015118172218,
        0.1278735447691313,
        0.5677660782184832
    ],
    "L": [
        6.2e-05,
        6.2e-05,
        7.749999999999999e-05,
        7.749999999999999e-05,
        7.749999999999999e-05,
        7.749999999999999e-05
    ],
    "n_eff": 2.2,
    "n_g": 4.4,
    "center_wavelength": 1.55e-06
}