{
    "eta": 0.996,
    "alpha": 52.96,
    "K": [
        0.11558794433287872,
        0.031101410198841672,
        0.0453592658297323,
        0.04694448313141417,
        0.060291996976653335,
        0.13192521605228,
        0.6341261360026573
    ],
    "L": [
        6.2e-05,
        6.2e-05,
        7.749999999999999e-05,
        7.749999999999999e-05,
        7.749999999999999e-05,
        7.749999999999999e-05
    ],
    "n_eff": 2.2,
    "n_g": 4.4,
    "center_wavelength": 1.55e-06
}