{
    "eta": 0.996,
    "alpha": 11.51,
    "K": [
        0.11340534668391572,
        0.031113459288117096,
        0.11122244556716382,
        0.013967753692102902,
        0.05034174582326084,
        0.03912317252701636,
        0.33647453500859525
    ],
    "L": [
        6.2e-05,
        7.749999999999999e-05,
        7.749999999999999e-05,
        6.2e-05,
        6.2e-05,
        7.749999999999999e-05
    ],
    "n_eff": 2.2,
    "n_g": 4.4,
    "center_wavelength": 1.55e-06
}