{
    "eta": 0.996,
    "alpha": 52.96,
    "K": [
        0.29301898838117796,
        0.02685347571520761,
        0.02121515631155282,
        0.02564326439763417,
        0.03218262431785927,
        0.040176892266878365,
        0.3289316137773449
    ],
    "L": [
        7.749999999999999e-05,
        7.749999999999999e-05,
        7.749999999999999e-05,
        9.299999999999998e-05,
        9.299999999999998e-05,
        9.299999999999998e-05
    ],
    "n_eff": 2.2,
    "n_g": 4.4,
    "center_wavelength": 1.55e-06
}