{
    "eta": 0.996,
    "alpha": 52.96,
    "K": [
        0.0628851325439591,
        0.054990897459415905,
        0.03649529471571739,
        0.031627375730414554,
        0.0749247189596412,
        0.05029199088637721,
        0.33250492025649636
    ],
    "L": [
        6.2e-05,
        6.2e-05,
        7.749999999999999e-05,
        7.749999999999999e-05,
        7.749999999999999e-05,
        7.749999999999999e-05
    ],
    "n_eff": 2.2,
    "n_g": 4.4,
    "center_wavelength": 1.55e-06
}