{
    "eta": 0.996,
    "alpha": 52.96,
    "K": [
        0.20753401923016934,
        0.07672002649538076,
        0.015693316224088247,
        0.04015180254031128,
        0.05122467788254311,
        0.046506530733653836,
        0.33681950657113785
    ],
    "L": [
        6.2e-05,
        7.749999999999999e-05,
        7.749999999999999e-05,
        6.2e-05,
        6.2e-05,
        6.2e-05
    ],
    "n_eff": 2.2,
    "n_g": 4.4,
    "center_wavelength": 1.55e-06
}