{
    "eta": 0.996,
    "alpha": 11.51,
    "K": [
        0.023176384240881108,
        0.03058313124943327,
        0.02972346628398082,
        0.04316930708829115,
        0.06554277346865069,
        0.19657455165688165,
        0.7735958526435087
    ],
    "L": [
        6.2e-05,
        6.2e-05,
        7.749999999999999e-05,
        7.749999999999999e-05,
        7.749999999999999e-05,
        7.749999999999999e-05
    ],
    "n_eff": 2.2,
    "n_g": 4.4,
    "center_wavelength": 1.55e-06
}