{
    "eta": 0.996,
    "alpha": 11.51,
    "K": [
        0.09258823565069839,
        0.025826690308378527,
        0.02494032656865408,
        0.04211416706888831,
        0.09605483245287166,
        0.4263506598588986,
        0.949016645552718
    ],
    "L": [
        6.2e-05,
        6.2e-05,
        7.749999999999999e-05,
        7.749999999999999e-05,
        7.749999999999999e-05,
        7.749999999999999e-05
    ],
    "n_eff": 2.2,
    "n_g": 4.4,
    "center_wavelength": 1.55e-06
}