{
    "eta": 0.996,
    "alpha": 52.96,
    "K": [
        0.2872050061249993,
        0.07591968386745358,
        0.009534165198383016,
        0.05667715138475164,
        0.06360223433519156,
        0.04947427905903844,
        0.37782027079933816
    ],
    "L": [
        7.749999999999999e-05,
        6.2e-05,
        6.2e-05,
        7.749999999999999e-05,
        7.749999999999999e-05,
        7.749999999999999e-05
    ],
    "n_eff": 2.2,
    "n_g": 4.4,
    "center_wavelength": 1.55e-06
}