{
    "eta": 0.996,
    "alpha": 52.96,
    "K": [
        0.958652556134147,
        0.3510830829973988,
        0.0788563327187683,
        0.05400228133268131,
        0.05370813293498361,
        0.08811534127672532,
        0.21590179880905164
    ],
    "L": [
        6.2e-05,
        6.2e-05,
        7.749999999999999e-05,
        7.749999999999999e-05,
        7.749999999999999e-05,
        7.749999999999999e-05
    ],
    "n_eff": 2.2,
    "n_g": 4.4,
    "center_wavelength": 1.55e-06
}