{
    "eta": 0.996,
    "alpha": 11.51,
    "K": [
        0.5042245807756754,
        0.08871961571955894,
        0.13034430609106157,
        0.49160474405115356,
        0.3874489573733807,
        0.10911197449832077,
        0.29646707722829024
    ],
    "L": [
        6.2e-05,
        7.749999999999999e-05,
        7.749999999999999e-05,
        7.749999999999999e-05,
        7.749999999999999e-05,
        6.2e-05
    ],
    "n_eff": 2.2,
    "n_g": 4.4,
    "center_wavelength": 1.55e-06
}