{
    "eta": 0.996,
    "alpha": 11.51,
    "K": [
        0.4819848085836492,
        0.04081104128379063,
        0.03442457814678354,
        0.08160580468006265,
        0.011821661431706766,
        0.056386421095289484,
        0.3314503892922818
    ],
    "L": [
        6.2e-05,
        6.2e-05,
        7.749999999999999e-05,
        7.749999999999999e-05,
        6.2e-05,
        6.2e-05
    ],
    "n_eff": 2.2,
    "n_g": 4.4,
    "center_wavelength": 1.55e-06
}