{
    "eta": 0.996,
    "alpha": 52.96,
    "K": [
        0.10729748537944545,
        0.00436503685528912,
        0.025604020208242578,
        0.19067843472834398,
        0.22007862917868107,
        0.0486339674924718,
        0.2617012301847427
    ],
    "L": [
        6.2e-05,
        6.2e-05,
        7.749999999999999e-05,
        7.749999999999999e-05,
        7.749999999999999e-05,
        7.749999999999999e-05
    ],
    "n_eff": 2.2,
    "n_g": 4.4,
    "center_wavelength": 1.55e-06
}