{
    "eta": 0.996,
    "alpha": 11.51,
    "K": [
        0.4937558289676453,
        0.09004139344445439,
        0.0814697290913326,
        0.003190562882970649,
        0.054269815939680555,
        0.06410788200117812,
        0.2934920009836458
    ],
    "L": [
        6.2e-05,
        7.749999999999999e-05,
        7.749999999999999e-05,
        6.2e-05,
        6.2e-05,
        7.749999999999999e-05
    ],
    "n_eff": 2.2,
    "n_g": 4.4,
    "center_wavelength": 1.55e-06
}