{
    "eta": 0.996,
    "alpha": 52.96,
    "K": [
        0.980851784410402,
        0.4698320267927761,
        0.11076033126222251,
        0.06795539515110033,
        0.060267824300629325,
        0.09562370802405445,
        0.28486410805233886
    ],
    "L": [
        6.2e-05,
        6.2e-05,
        7.749999999999999e-05,
        7.749999999999999e-05,
        7.749999999999999e-05,
        7.749999999999999e-05
    ],
    "n_eff": 2.2,
    "n_g": 4.4,
    "center_wavelength": 1.55e-06
}