{
    "eta": 0.996,
    "alpha": 11.51,
    "K": [
        0.14878084247572196,
        0.03059204855962392,
        0.027155691146648998,
        0.04380752199112884,
        0.09361947109806426,
        0.36844990012208423,
        0.9122792867181757
    ],
    "L": [
        6.2e-05,
        6.2e-05,
        7.749999999999999e-05,
        7.749999999999999e-05,
        7.749999999999999e-05,
        6.2e-05
    ],
    "n_eff": 2.2,
    "n_g": 4.4,
    "center_wavelength": 1.55e-06
}