{
    "eta": 0.996,
    "alpha": 11.51,
    "K": [
        0.36980421050910534,
        0.3691995273981294,
        0.9000781617566225,
        0.4000700718540917,
        0.052422668373095796,
        0.0724039798005827,
        0.48711471602891127
    ],
    "L": [
        6.2e-05,
        7.749999999999999e-05,
        7.749999999999999e-05,
        6.2e-05,
        7.749999999999999e-05,
        6.2e-05
    ],
    "n_eff": 2.2,
    "n_g": 4.4,
    "center_wavelength": 1.55e-06
}