{
    "eta": 0.996,
    "alpha": 11.51,
    "K": [
        0.07333955641031614,
        0.027155918662777334,
        0.026468552468564943,
        0.04276509341179502,
        0.0833467913064947,
        0.32182527591207766,
        0.8932180937521252
    ],
    "L": [
        6.2e-05,
        6.2e-05,
        7.749999999999999e-05,
        7.749999999999999e-05,
        7.749999999999999e-05,
        7.749999999999999e-05
    ],
    "n_eff": 2.2,
    "n_g": 4.4,
    "center_wavelength": 1.55e-06
}