{
    "eta": 0.996,
    "alpha": 11.51,
    "K": [
        0.5951385242113563,
        0.17249812815555107,
        0.3595629893593443,
        0.28460061163160594,
        0.06963633726629198,
        0.06900957585045249,
        0.2976313146799778
    ],
    "L": [
        7.749999999999999e-05,
        6.2e-05,
        7.749999999999999e-05,
        6.2e-05,
        7.749999999999999e-05,
        6.2e-05
    ],
    "n_eff": 2.2,
    "n_g": 4.4,
    "center_wavelength": 1.55e-06
}