{
    "eta": 0.996,
    "alpha": 52.96,
    "K": [
        0.40205819458759756,
        0.03546933329743747,
        0.02181163692722365,
        0.02097553643214522,
        0.02696513489941317,
        0.0751534546515866,
        0.14898225028753875
    ],
    "L": [
        6.2e-05,
        6.2e-05,
        7.749999999999999e-05,
        6.2e-05,
        7.749999999999999e-05,
        7.749999999999999e-05
    ],
    "n_eff": 2.2,
    "n_g": 4.4,
    "center_wavelength": 1.55e-06
}