{
    "eta": 0.996,
    "alpha": 11.51,
    "K": [
        0.22601260604936582,
        0.05869243915961078,
        0.05011842185279372,
        0.05856458009869567,
        0.08616653330965839,
        0.3115240929214365,
        0.9129345030719372
    ],
    "L": [
        6.2e-05,
        7.749999999999999e-05,
        7.749999999999999e-05,
        7.749999999999999e-05,
        6.2e-05,
        7.749999999999999e-05
    ],
    "n_eff": 2.2,
    "n_g": 4.4,
    "center_wavelength": 1.55e-06
}