{
    "eta": 0.996,
    "alpha": 11.51,
    "K": [
        0.588468033479564,
        0.13114278962371298,
        0.042298008930749725,
        0.05109420159704977,
        0.03267383897463792,
        0.08235827924563861,
        0.6115669350867421
    ],
    "L": [
        7.749999999999999e-05,
        7.749999999999999e-05,
        7.749999999999999e-05,
        6.2e-05,
        6.2e-05,
        6.2e-05
    ],
    "n_eff": 2.2,
    "n_g": 4.4,
    "center_wavelength": 1.55e-06
}