{
    "eta": 0.996,
    "alpha": 11.51,
    "K": [
        0.12636934953893153,
        0.023849122362865238,
        0.020813810040991365,
        0.03445715648675873,
        0.08437184552952343,
        0.4622847659026932,
        0.9738861976947508
    ],
    "L": [
        6.2e-05,
        6.2e-05,
        7.749999999999999e-05,
        7.749999999999999e-05,
        7.749999999999999e-05,
        7.749999999999999e-05
    ],
    "n_eff": 2.2,
    "n_g": 4.4,
    "center_wavelength": 1.55e-06
}