{
    "eta": 0.996,
    "alpha": 52.96,
    "K": [
        0.43275625069781987,
        0.07410979867024146,
        0.025452077343215602,
        0.0677621609207159,
        0.054622402160907114,
        0.10027236862959132,
        0.6196335726693666
    ],
    "L": [
        6.2e-05,
        6.2e-05,
        7.749999999999999e-05,
        7.749999999999999e-05,
        7.749999999999999e-05,
        7.749999999999999e-05
    ],
    "n_eff": 2.2,
    "n_g": 4.4,
    "center_wavelength": 1.55e-06
}