{
    "eta": 0.996,
    "alpha": 11.51,
    "K": [
        0.49232688217364784,
        0.0752747390358573,
        0.2214564338784069,
        0.781891100467624,
        0.3259527119456669,
        0.09609211360055153,
        0.3268384584134916
    ],
    "L": [
        6.2e-05,
        6.2e-05,
        7.749999999999999e-05,
        7.749999999999999e-05,
        7.749999999999999e-05,
        7.749999999999999e-05
    ],
    "n_eff": 2.2,
    "n_g": 4.4,
    "center_wavelength": 1.55e-06
}