{
    "eta": 0.996,
    "alpha": 52.96,
    "K": [
        0.2583098568131027,
        0.05788317985712547,
        0.13877486374962947,
        0.5448412052331141,
        0.3146614771252427,
        0.14435611510162671,
        0.5920894515866597
    ],
    "L": [
        6.2e-05,
        6.2e-05,
        7.749999999999999e-05,
        7.749999999999999e-05,
        7.749999999999999e-05,
        7.749999999999999e-05
    ],
    "n_eff": 2.2,
    "n_g": 4.4,
    "center_wavelength": 1.55e-06
}