{
    "eta": 0.996,
    "alpha": 11.51,
    "K": [
        0.2958829715349153,
        0.06885326866265573,
        0.11016471787050108,
        0.4319108793153784,
        0.4059769032543319,
        0.18433695611804024,
        0.5940036998879598
    ],
    "L": [
        6.2e-05,
        7.749999999999999e-05,
        7.749999999999999e-05,
        6.2e-05,
        7.749999999999999e-05,
        7.749999999999999e-05
    ],
    "n_eff": 2.2,
    "n_g": 4.4,
    "center_wavelength": 1.55e-06
}