{
    "eta": 0.996,
    "alpha": 11.51,
    "K": [
        0.20207313210689926,
        0.14373512079945155,
        0.39918094193154685,
        0.2714727780788176,
        0.08483358634283827,
        0.131150544796231,
        0.6441821153028366
    ],
    "L": [
        6.2e-05,
        6.2e-05,
        7.749999999999999e-05,
        7.749999999999999e-05,
        7.749999999999999e-05,
        7.749999999999999e-05
    ],
    "n_eff": 2.2,
    "n_g": 4.4,
    "center_wavelength": 1.55e-06
}