{
    "eta": 0.996,
    "alpha": 52.96,
    "K": [
        0.09095198485889672,
        0.11117790670545924,
        0.0240119355557204,
        0.02378260635058771,
        0.029788893407413475,
        0.045931078364325584,
        0.40452522032353344
    ],
    "L": [
        7.75e-05,
        7.75e-05,
        6.2e-05,
        7.75e-05,
        6.2e-05,
        6.2e-05
    ],
    "n_eff": 2.2,
    "n_g": 4.4,
    "center_wavelength": 1.55e-06
}