{
    "eta": 0.996,
    "alpha": 11.51,
    "K": [
        0.4274343546899626,
        0.09145482705048151,
        0.017153878997379676,
        0.03898713035693185,
        0.03558598301367962,
        0.06730660326040074,
        0.5330273363659841
    ],
    "L": [
        7.749999999999999e-05,
        7.749999999999999e-05,
        6.2e-05,
        6.2e-05,
        7.749999999999999e-05,
        7.749999999999999e-05
    ],
    "n_eff": 2.2,
    "n_g": 4.4,
    "center_wavelength": 1.55e-06
}