{
    "eta": 0.996,
    "alpha": 52.96,
    "K": [
        0.27676688743332134,
        0.055651174116224465,
        0.02223933623846155,
        0.03511060122115532,
        0.03221625949852662,
        0.028878172912594636,
        0.30913816195801785
    ],
    "L": [
        6.2e-05,
        7.749999999999999e-05,
        7.749999999999999e-05,
        6.2e-05,
        6.2e-05,
        6.2e-05
    ],
    "n_eff": 2.2,
    "n_g": 4.4,
    "center_wavelength": 1.55e-06
}