{
    "eta": 0.996,
    "alpha": 11.51,
    "K": [
        0.46602889297262895,
        0.06716124887406849,
        0.25771268169003697,
        0.9671055234514339,
        0.46872827227343766,
        0.10043517345726283,
        0.3277675696746909
    ],
    "L": [
        6.2e-05,
        6.2e-05,
        7.749999999999999e-05,
        7.749999999999999e-05,
        7.749999999999999e-05,
        7.749999999999999e-05
    ],
    "n_eff": 2.2,
    "n_g": 4.4,
    "center_wavelength": 1.55e-06
}