{
    "eta": 0.996,
    "alpha": 52.96,
    "K": [
        0.1935698740765675,
        0.04544490472549147,
        0.01371137965519014,
        0.02548557482839842,
        0.021615950000082994,
        0.013479353273467148,
        0.20533300029300655
    ],
    "L": [
        7.749999999999999e-05,
        7.749999999999999e-05,
        6.2e-05,
        7.749999999999999e-05,
        6.2e-05,
        6.2e-05
    ],
    "n_eff": 2.2,
    "n_g": 4.4,
    "center_wavelength": 1.55e-06
}