{
    "eta": 0.996,
    "alpha": 11.51,
    "K": [
        0.22661291407539508,
        0.061717609662406,
        0.13982458514378515,
        0.6080701761307303,
        0.5038010434118525,
        0.17072597008641763,
        0.5574899789516743
    ],
    "L": [
        6.2e-05,
        7.749999999999999e-05,
        7.749999999999999e-05,
        7.749999999999999e-05,
        7.749999999999999e-05,
        6.2e-05
    ],
    "n_eff": 2.2,
    "n_g": 4.4,
    "center_wavelength": 1.55e-06
}