{
    "eta": 0.996,
    "alpha": 11.51,
    "K": [
        0.5183009922723315,
        0.11333399016110784,
        0.3472650392036871,
        0.5274363169178599,
        0.13367764783322122,
        0.06786173834837705,
        0.2802933472335187
    ],
    "L": [
        6.2e-05,
        6.2e-05,
        7.749999999999999e-05,
        7.749999999999999e-05,
        7.749999999999999e-05,
        6.2e-05
    ],
    "n_eff": 2.2,
    "n_g": 4.4,
    "center_wavelength": 1.55e-06
}