{
    "eta": 0.996,
    "alpha": 11.51,
    "K": [
        0.5494071386540343,
        0.36681892796540966,
        0.24460910285099763,
        0.10219711869793208,
        0.044492750498816236,
        0.07219722130217071,
        0.5558519845204934
    ],
    "L": [
        6.2e-05,
        6.2e-05,
        6.2e-05,
        7.749999999999999e-05,
        6.2e-05,
        7.749999999999999e-05
    ],
    "n_eff": 2.2,
    "n_g": 4.4,
    "center_wavelength": 1.55e-06
}