{
    "eta": 0.996,
    "alpha": 52.96,
    "K": [
        0.0953609166178877,
        0.04765682751122108,
        0.030575145939334327,
        0.025696164045749013,
        0.027261105508276155,
        0.05872332516806827,
        0.3471515714930413
    ],
    "L": [
        6.2e-05,
        6.2e-05,
        7.749999999999999e-05,
        6.2e-05,
        7.749999999999999e-05,
        7.749999999999999e-05
    ],
    "n_eff": 2.2,
    "n_g": 4.4,
    "center_wavelength": 1.55e-06
}