{
    "eta": 0.996,
    "alpha": 11.51,
    "K": [
        0.3791268334980651,
        0.32581881215906183,
        0.510143265949625,
        0.18296075518790575,
        0.060068512742446345,
        0.10253737517210643,
        0.587057449304678
    ],
    "L": [
        6.2e-05,
        6.2e-05,
        7.749999999999999e-05,
        7.749999999999999e-05,
        7.749999999999999e-05,
        7.749999999999999e-05
    ],
    "n_eff": 2.2,
    "n_g": 4.4,
    "center_wavelength": 1.55e-06
}