{
    "eta": 0.996,
    "alpha": 11.51,
    "K": [
        0.5614127131062412,
        0.07175484764404094,
        0.05012583545536714,
        0.36551919503476776,
        0.7562582232497326,
        0.3767817702641885,
        0.435964762256228
    ],
    "L": [
        7.749999999999999e-05,
        6.2e-05,
        7.749999999999999e-05,
        6.2e-05,
        6.2e-05,
        7.749999999999999e-05
    ],
    "n_eff": 2.2,
    "n_g": 4.4,
    "center_wavelength": 1.55e-06
}