{
    "eta": 0.996,
    "alpha": 11.51,
    "K": [
        0.1023916095079283,
        0.04021665124779461,
        0.03602181352012529,
        0.047324105187459775,
        0.061866936526920435,
        0.1490340360964858,
        0.6670821230986783
    ],
    "L": [
        6.2e-05,
        6.2e-05,
        7.749999999999999e-05,
        7.749999999999999e-05,
        7.749999999999999e-05,
        7.749999999999999e-05
    ],
    "n_eff": 2.2,
    "n_g": 4.4,
    "center_wavelength": 1.55e-06
}