{
    "eta": 0.996,
    "alpha": 52.96,
    "K": [
        0.6149503336441706,
        0.09645452378088232,
        0.03869152313076585,
        0.0201753981989809,
        0.004972319159661676,
        0.1938104246180214,
        0.5344475089586657
    ],
    "L": [
        0.00013949999999999998,
        9.299999999999998e-05,
        9.299999999999998e-05,
        7.749999999999999e-05,
        0.00013949999999999998,
        9.299999999999998e-05
    ],
    "n_eff": 2.2,
    "n_g": 4.4,
    "center_wavelength": 1.55e-06
}