{
    "eta": 0.996,
    "alpha": 11.51,
    "K": [
        0.2847089621021315,
        0.06122340815668936,
        0.1963040284852252,
        0.6182455940455792,
        0.2528770683081851,
        0.12612302352493454,
        0.5861000879430462
    ],
    "L": [
        6.2e-05,
        6.2e-05,
        7.749999999999999e-05,
        6.2e-05,
        7.749999999999999e-05,
        7.749999999999999e-05
    ],
    "n_eff": 2.2,
    "n_g": 4.4,
    "center_wavelength": 1.55e-06
}