{
    "eta": 0.996,
    "alpha": 11.51,
    "K": [
        0.521328617344626,
        0.09698712121566805,
        0.3883174811349263,
        0.8459394447115582,
        0.23392813685437452,
        0.08533016768315299,
        0.3267305960796838
    ],
    "L": [
        6.2e-05,
        6.2e-05,
        7.749999999999999e-05,
        7.749999999999999e-05,
        7.749999999999999e-05,
        7.749999999999999e-05
    ],
    "n_eff": 2.2,
    "n_g": 4.4,
    "center_wavelength": 1.55e-06
}