{
    "eta": 0.996,
    "alpha": 11.51,
    "K": [
        0.29407321941656867,
        0.06683379399465339,
        0.08788241054996832,
        0.4092153477893449,
        0.5420284563920107,
        0.24404016107551435,
        0.6111216599807817
    ],
    "L": [
        6.2e-05,
        7.749999999999999e-05,
        7.749999999999999e-05,
        6.2e-05,
        7.749999999999999e-05,
        7.749999999999999e-05
    ],
    "n_eff": 2.2,
    "n_g": 4.4,
    "center_wavelength": 1.55e-06
}