{
    "eta": 0.996,
    "alpha": 52.96,
    "K": [
        0.5832256635017027,
        0.07615595525814062,
        0.03771943575479279,
        0.014597148641150911,
        0.09401306403061577,
        0.08346694643795968,
        0.4573655889905898
    ],
    "L": [
        7.749999999999999e-05,
        6.2e-05,
        6.2e-05,
        7.749999999999999e-05,
        7.749999999999999e-05,
        7.749999999999999e-05
    ],
    "n_eff": 2.2,
    "n_g": 4.4,
    "center_wavelength": 1.55e-06
}