{
    "eta": 0.996,
    "alpha": 11.51,
    "K": [
        0.35957205856943797,
        0.09185608970375797,
        0.18188287443362305,
        0.41071723998565624,
        0.13464354522011274,
        0.08856630608455279,
        0.5698380428869495
    ],
    "L": [
        7.749999999999999e-05,
        6.2e-05,
        6.2e-05,
        7.749999999999999e-05,
        6.2e-05,
        7.749999999999999e-05
    ],
    "n_eff": 2.2,
    "n_g": 4.4,
    "center_wavelength": 1.55e-06
}