{
    "eta": 0.996,
    "alpha": 11.51,
    "K": [
        0.2121624697361767,
        0.07159601532226112,
        0.27156763695288433,
        0.46168098696886706,
        0.14882241659267736,
        0.13222180887887786,
        0.6246479338138402
    ],
    "L": [
        6.2e-05,
        6.2e-05,
        7.749999999999999e-05,
        7.749999999999999e-05,
        7.749999999999999e-05,
        7.749999999999999e-05
    ],
    "n_eff": 2.2,
    "n_g": 4.4,
    "center_wavelength": 1.55e-06
}