{
    "eta": 0.996,
    "alpha": 52.96,
    "K": [
        0.3921090707120768,
        0.041630080058336086,
        0.03270683401108304,
        0.032029795363712914,
        0.07670062070278216,
        0.06678993747853734,
        0.4724230431651965
    ],
    "L": [
        7.749999999999999e-05,
        6.2e-05,
        6.2e-05,
        7.749999999999999e-05,
        7.749999999999999e-05,
        7.749999999999999e-05
    ],
    "n_eff": 2.2,
    "n_g": 4.4,
    "center_wavelength": 1.55e-06
}