{
    "eta": 0.996,
    "alpha": 11.51,
    "K": [
        0.5895775229909682,
        0.17279248469393804,
        0.4132129928897475,
        0.5000031243318184,
        0.12427916448740373,
        0.06931976854246963,
        0.29522765940367685
    ],
    "L": [
        7.749999999999999e-05,
        7.749999999999999e-05,
        6.2e-05,
        7.749999999999999e-05,
        7.749999999999999e-05,
        6.2e-05
    ],
    "n_eff": 2.2,
    "n_g": 4.4,
    "center_wavelength": 1.55e-06
}