{
    "eta": 0.996,
    "alpha": 52.96,
    "K": [
        0.43771810396508,
        0.13214487401906494,
        0.12123607635889316,
        0.07632517795616156,
        0.08416571678902485,
        0.15410130733028476,
        0.6393253036581512
    ],
    "L": [
        9.299999999999998e-05,
        0.0001085,
        9.299999999999998e-05,
        0.0001085,
        9.299999999999998e-05,
        0.0001085
    ],
    "n_eff": 2.2,
    "n_g": 4.4,
    "center_wavelength": 1.55e-06
}