{
    "eta": 0.996,
    "alpha": 52.96,
    "K": [
        0.14551424068858693,
        0.012436843898114803,
        0.08691749160102974,
        0.2252836359680434,
        0.04471247029380096,
        0.006572923230128456,
        0.15377436371036277
    ],
    "L": [
        6.2e-05,
        6.2e-05,
        7.749999999999999e-05,
        7.749999999999999e-05,
        7.749999999999999e-05,
        7.749999999999999e-05
    ],
    "n_eff": 2.2,
    "n_g": 4.4,
    "center_wavelength": 1.55e-06
}