{
    "eta": 0.996,
    "alpha": 11.51,
    "K": [
        0.4031358651638229,
        0.07693187014042574,
        0.04323567929568617,
        0.010850843293093937,
        0.09712782229196693,
        0.047193046960971596,
        0.0728382001681867
    ],
    "L": [
        7.749999999999999e-05,
        6.2e-05,
        6.2e-05,
        7.749999999999999e-05,
        7.749999999999999e-05,
        6.2e-05
    ],
    "n_eff": 2.2,
    "n_g": 4.4,
    "center_wavelength": 1.55e-06
}