{
    "eta": 0.996,
    "alpha": 52.96,
    "K": [
        0.2763303457980255,
        0.047495788039725,
        0.06556744483380535,
        0.05044461606755486,
        0.020313534154569195,
        0.04601050003772892,
        0.1772655696372192
    ],
    "L": [
        6.2e-05,
        7.749999999999999e-05,
        7.749999999999999e-05,
        7.749999999999999e-05,
        6.2e-05,
        6.2e-05
    ],
    "n_eff": 2.2,
    "n_g": 4.4,
    "center_wavelength": 1.55e-06
}