{
    "eta": 0.996,
    "alpha": 52.96,
    "K": [
        0.043723478349733995,
        0.07027961244874016,
        0.03378569889599535,
        0.03929793758181241,
        0.05130297750387903,
        0.124327857575606,
        0.6448085626696399
    ],
    "L": [
        6.2e-05,
        6.2e-05,
        7.749999999999999e-05,
        7.749999999999999e-05,
        7.749999999999999e-05,
        7.749999999999999e-05
    ],
    "n_eff": 2.2,
    "n_g": 4.4,
    "center_wavelength": 1.55e-06
}