{
    "eta": 0.996,
    "alpha": 11.51,
    "K": [
        0.4747875334002942,
        0.07926731165289963,
        0.02367629375060254,
        0.05079240980827876,
        0.05449424341351433,
        0.11337214294373815,
        0.6529525976302867
    ],
    "L": [
        6.2e-05,
        6.2e-05,
        6.2e-05,
        7.749999999999999e-05,
        7.749999999999999e-05,
        7.749999999999999e-05
    ],
    "n_eff": 2.2,
    "n_g": 4.4,
    "center_wavelength": 1.55e-06
}