{
    "eta": 0.996,
    "alpha": 11.51,
    "K": [
        0.6301678907530278,
        0.255463940715348,
        0.5048609483293369,
        0.2674412856761996,
        0.057275409632819484,
        0.0702618400144154,
        0.30476331068876356
    ],
    "L": [
        7.749999999999999e-05,
        6.2e-05,
        7.749999999999999e-05,
        6.2e-05,
        7.749999999999999e-05,
        6.2e-05
    ],
    "n_eff": 2.2,
    "n_g": 4.4,
    "center_wavelength": 1.55e-06
}