{
    "eta": 0.996,
    "alpha": 11.51,
    "K": [
        0.35676936627795547,
        0.11402163956456768,
        0.37305725444039833,
        0.4895866979621523,
        0.08644357463739494,
        0.06711452564811415,
        0.496918819233766
    ],
    "L": [
        7.749999999999999e-05,
        6.2e-05,
        7.749999999999999e-05,
        6.2e-05,
        6.2e-05,
        6.2e-05
    ],
    "n_eff": 2.2,
    "n_g": 4.4,
    "center_wavelength": 1.55e-06
}