{
    "eta": 0.996,
    "alpha": 11.51,
    "K": [
        0.4737802372363259,
        0.07392897107421025,
        0.09171707821080198,
        0.5316976914977802,
        0.4695583406096822,
        0.11506320381907882,
        0.31912802059801193
    ],
    "L": [
        6.2e-05,
        7.749999999999999e-05,
        6.2e-05,
        7.749999999999999e-05,
        6.2e-05,
        6.2e-05
    ],
    "n_eff": 2.2,
    "n_g": 4.4,
    "center_wavelength": 1.55e-06
}