{
    "eta": 0.996,
    "alpha": 52.96,
    "K": [
        0.09467107151246773,
        0.03787142225495643,
        0.052407851006792405,
        0.0421709546522126,
        0.05838939815593058,
        0.08086835375116808,
        0.5105611208719933
    ],
    "L": [
        6.2e-05,
        6.2e-05,
        7.749999999999999e-05,
        7.749999999999999e-05,
        7.749999999999999e-05,
        7.749999999999999e-05
    ],
    "n_eff": 2.2,
    "n_g": 4.4,
    "center_wavelength": 1.55e-06
}