{
    "eta": 0.996,
    "alpha": 52.96,
    "K": [
        0.04773451658340054,
        0.055892482347088296,
        0.03395412815946339,
        0.03845265998253745,
        0.0407471480113187,
        0.06244086630315379,
        0.3768100358043265
    ],
    "L": [
        6.2e-05,
        6.2e-05,
        7.749999999999999e-05,
        7.749999999999999e-05,
        7.749999999999999e-05,
        7.749999999999999e-05
    ],
    "n_eff": 2.2,
    "n_g": 4.4,
    "center_wavelength": 1.55e-06
}