{
    "eta": 0.996,
    "alpha": 52.96,
    "K": [
        0.32989849870623733,
        0.02725754631385936,
        0.029677671738179482,
        0.04633754448058631,
        0.025671641809121144,
        0.040352880821185926,
        0.24309576325137944
    ],
    "L": [
        6.2e-05,
        6.2e-05,
        7.749999999999999e-05,
        7.749999999999999e-05,
        6.2e-05,
        6.2e-05
    ],
    "n_eff": 2.2,
    "n_g": 4.4,
    "center_wavelength": 1.55e-06
}