{
    "eta": 0.996,
    "alpha": 11.51,
    "K": [
        0.6197896304529811,
        0.13393900873441206,
        0.06084984510924418,
        0.043585747249236084,
        0.026700786312579217,
        0.032119098568773596,
        0.1961066268442942
    ],
    "L": [
        7.749999999999999e-05,
        7.749999999999999e-05,
        7.749999999999999e-05,
        7.749999999999999e-05,
        6.2e-05,
        6.2e-05
    ],
    "n_eff": 2.2,
    "n_g": 4.4,
    "center_wavelength": 1.55e-06
}