{
    "eta": 0.996,
    "alpha": 52.96,
    "K": [
        0.45256560635968596,
        0.06882758019252239,
        0.05244262432865898,
        0.05854680366029508,
        0.050700344230529326,
        0.07967063899811289,
        0.5252796036092341
    ],
    "L": [
        6.2e-05,
        6.2e-05,
        7.749999999999999e-05,
        7.749999999999999e-05,
        7.749999999999999e-05,
        7.749999999999999e-05
    ],
    "n_eff": 2.2,
    "n_g": 4.4,
    "center_wavelength": 1.55e-06
}