{
    "eta": 0.996,
    "alpha": 11.51,
    "K": [
        0.7598277307628912,
        0.6759437518446245,
        0.6723732439968534,
        0.1729422392352599,
        0.05876250259029073,
        0.060477343934119555,
        0.2668093030538703
    ],
    "L": [
        6.2e-05,
        6.2e-05,
        6.2e-05,
        7.749999999999999e-05,
        7.749999999999999e-05,
        6.2e-05
    ],
    "n_eff": 2.2,
    "n_g": 4.4,
    "center_wavelength": 1.55e-06
}