{
    "eta": 0.996,
    "alpha": 52.96,
    "K": [
        0.10713040226934312,
        0.04159713597358333,
        0.026124139867473195,
        0.025579610561582866,
        0.025819600092743145,
        0.05391685881450803,
        0.3948687478085784
    ],
    "L": [
        6.2e-05,
        6.2e-05,
        7.749999999999999e-05,
        6.2e-05,
        7.749999999999999e-05,
        7.749999999999999e-05
    ],
    "n_eff": 2.2,
    "n_g": 4.4,
    "center_wavelength": 1.55e-06
}