{
    "eta": 0.996,
    "alpha": 52.96,
    "K": [
        0.4106405851123341,
        0.040323096729518525,
        0.032085763850983495,
        0.02072881812770535,
        0.07896071513026051,
        0.05237215598662329,
        0.3578036820868536
    ],
    "L": [
        7.749999999999999e-05,
        6.2e-05,
        6.2e-05,
        7.749999999999999e-05,
        7.749999999999999e-05,
        7.749999999999999e-05
    ],
    "n_eff": 2.2,
    "n_g": 4.4,
    "center_wavelength": 1.55e-06
}