{
    "eta": 0.996,
    "alpha": 11.51,
    "K": [
        0.5840219168258434,
        0.11150850930553025,
        0.15451672247046477,
        0.5714492763290698,
        0.38099594808224735,
        0.09843602328349843,
        0.2892166229542132
    ],
    "L": [
        7.749999999999999e-05,
        7.749999999999999e-05,
        7.749999999999999e-05,
        6.2e-05,
        7.749999999999999e-05,
        6.2e-05
    ],
    "n_eff": 2.2,
    "n_g": 4.4,
    "center_wavelength": 1.55e-06
}