{
    "eta": 0.996,
    "alpha": 52.96,
    "K": [
        0.09900799921717307,
        0.05149853293105757,
        0.03722399733662691,
        0.042024083762198364,
        0.0776288868608397,
        0.056851844075722725,
        0.33469447176721673
    ],
    "L": [
        6.2e-05,
        6.2e-05,
        7.749999999999999e-05,
        7.749999999999999e-05,
        7.749999999999999e-05,
        7.749999999999999e-05
    ],
    "n_eff": 2.2,
    "n_g": 4.4,
    "center_wavelength": 1.55e-06
}