{
    "eta": 0.996,
    "alpha": 52.96,
    "K": [
        0.38272064032067915,
        0.06420604498687879,
        0.018126506911204803,
        0.03319140752101038,
        0.06848034519024417,
        0.05865374452435764,
        0.3808940260104885
    ],
    "L": [
        7.749999999999999e-05,
        6.2e-05,
        6.2e-05,
        7.749999999999999e-05,
        7.749999999999999e-05,
        7.749999999999999e-05
    ],
    "n_eff": 2.2,
    "n_g": 4.4,
    "center_wavelength": 1.55e-06
}