{
    "eta": 0.996,
    "alpha": 52.96,
    "K": [
        0.3890650288948813,
        0.051743966759928,
        0.048967614866059134,
        0.044323740514119046,
        0.021913309627929436,
        0.03500535722554537,
        0.2007106001225423
    ],
    "L": [
        7.749999999999999e-05,
        7.749999999999999e-05,
        7.749999999999999e-05,
        7.749999999999999e-05,
        6.2e-05,
        6.2e-05
    ],
    "n_eff": 2.2,
    "n_g": 4.4,
    "center_wavelength": 1.55e-06
}