{
    "eta": 0.996,
    "alpha": 52.96,
    "K": [
        0.41679899658563613,
        0.040926924297335666,
        0.03375715280460972,
        0.03182950696951523,
        0.01607104858884826,
        0.04114561504662172,
        0.3235042273310586
    ],
    "L": [
        7.749999999999999e-05,
        7.749999999999999e-05,
        7.749999999999999e-05,
        6.2e-05,
        6.2e-05,
        7.749999999999999e-05
    ],
    "n_eff": 2.2,
    "n_g": 4.4,
    "center_wavelength": 1.55e-06
}