{
    "eta": 0.996,
    "alpha": 52.96,
    "K": [
        0.2934233276737027,
        0.0893243156926839,
        0.3375932883531253,
        0.5992072592032676,
        0.14606733093458096,
        0.10066927005582149,
        0.5660614692015186
    ],
    "L": [
        6.2e-05,
        6.2e-05,
        7.749999999999999e-05,
        7.749999999999999e-05,
        7.749999999999999e-05,
        7.749999999999999e-05
    ],
    "n_eff": 2.2,
    "n_g": 4.4,
    "center_wavelength": 1.55e-06
}