{
    "eta": 0.996,
    "alpha": 11.51,
    "K": [
        0.3647559144757499,
        0.07501960182787626,
        0.09426000021457948,
        0.47657766522597583,
        0.39615581981681114,
        0.1603674301582529,
        0.5783034351908198
    ],
    "L": [
        7.749999999999999e-05,
        6.2e-05,
        7.749999999999999e-05,
        7.749999999999999e-05,
        7.749999999999999e-05,
        7.749999999999999e-05
    ],
    "n_eff": 2.2,
    "n_g": 4.4,
    "center_wavelength": 1.55e-06
}