{
    "eta": 0.996,
    "alpha": 52.96,
    "K": [
        0.4043415726116549,
        0.0796687050414458,
        0.018163443203654983,
        0.03948323138759097,
        0.0868328979106443,
        0.08144319418063739,
        0.46411048052650566
    ],
    "L": [
        7.749999999999999e-05,
        6.2e-05,
        6.2e-05,
        7.749999999999999e-05,
        7.749999999999999e-05,
        7.749999999999999e-05
    ],
    "n_eff": 2.2,
    "n_g": 4.4,
    "center_wavelength": 1.55e-06
}