{
    "eta": 0.996,
    "alpha": 52.96,
    "K": [
        0.2742519440173904,
        0.17345538807382377,
        0.3674495058789652,
        0.2213787685497936,
        0.07422449967559125,
        0.11295362834876127,
        0.6033873960176338
    ],
    "L": [
        6.2e-05,
        6.2e-05,
        7.749999999999999e-05,
        7.749999999999999e-05,
        7.749999999999999e-05,
        7.749999999999999e-05
    ],
    "n_eff": 2.2,
    "n_g": 4.4,
    "center_wavelength": 1.55e-06
}