{
    "eta": 0.996,
    "alpha": 11.51,
    "K": [
        0.5255445197938349,
        0.08850534028206074,
        0.2512004397603183,
        0.7799241913450782,
        0.24441195603584048,
        0.07127837496225219,
        0.29464695216467474
    ],
    "L": [
        6.2e-05,
        6.2e-05,
        6.2e-05,
        7.749999999999999e-05,
        6.2e-05,
        7.749999999999999e-05
    ],
    "n_eff": 2.2,
    "n_g": 4.4,
    "center_wavelength": 1.55e-06
}