{
    "eta": 0.996,
    "alpha": 11.51,
    "K": [
        0.7916750290674052,
        0.5107350706208957,
        0.46639115261756825,
        0.14671550860541638,
        0.051615716572959824,
        0.059393839057980846,
        0.2501199999874649
    ],
    "L": [
        7.749999999999999e-05,
        7.749999999999999e-05,
        7.749999999999999e-05,
        6.2e-05,
        7.749999999999999e-05,
        6.2e-05
    ],
    "n_eff": 2.2,
    "n_g": 4.4,
    "center_wavelength": 1.55e-06
}