{
    "eta": 0.996,
    "alpha": 52.96,
    "K": [
        0.6682434804310202,
        0.19497762268049335,
        0.20711527620049452,
        0.10894870442380866,
        0.04117705141816452,
        0.10431168990905659,
        0.4749500867337024
    ],
    "L": [
        0.000124,
        0.000124,
        0.00015499999999999997,
        7.749999999999999e-05,
        7.749999999999999e-05,
        7.749999999999999e-05
    ],
    "n_eff": 2.2,
    "n_g": 4.4,
    "center_wavelength": 1.55e-06
}