{
    "eta": 0.996,
    "alpha": 52.96,
    "K": [
        0.4492471685889562,
        0.05911184006832654,
        0.047457712558023,
        0.05718357473893826,
        0.05073359290755791,
        0.05988959172839203,
        0.4113516877078447
    ],
    "L": [
        6.2e-05,
        6.2e-05,
        7.749999999999999e-05,
        7.749999999999999e-05,
        7.749999999999999e-05,
        7.749999999999999e-05
    ],
    "n_eff": 2.2,
    "n_g": 4.4,
    "center_wavelength": 1.55e-06
}