{
    "eta": 0.996,
    "alpha": 11.51,
    "K": [
        0.42602334884092513,
        0.0167748232206566,
        0.18489164868291802,
        0.646932602747729,
        0.01081205074370253,
        0.004936984482703854,
        0.08229463223854044
    ],
    "L": [
        6.2e-05,
        7.749999999999999e-05,
        6.2e-05,
        6.2e-05,
        7.749999999999999e-05,
        6.2e-05
    ],
    "n_eff": 2.2,
    "n_g": 4.4,
    "center_wavelength": 1.55e-06
}