{
    "eta": 0.996,
    "alpha": 11.51,
    "K": [
        0.5995760640815018,
        0.2933188682598548,
        0.38705625567473934,
        0.1729072810096281,
        0.05030703755404997,
        0.06907923414355638,
        0.35850093223577983
    ],
    "L": [
        6.2e-05,
        7.749999999999999e-05,
        6.2e-05,
        7.749999999999999e-05,
        6.2e-05,
        7.749999999999999e-05
    ],
    "n_eff": 2.2,
    "n_g": 4.4,
    "center_wavelength": 1.55e-06
}