{
    "eta": 0.996,
    "alpha": 11.51,
    "K": [
        0.6299388173368679,
        0.3228395713809331,
        0.4452882511207783,
        0.18921080254458383,
        0.04804510946602325,
        0.07097087814471809,
        0.36289602042979974
    ],
    "L": [
        6.2e-05,
        7.749999999999999e-05,
        7.749999999999999e-05,
        7.749999999999999e-05,
        6.2e-05,
        7.749999999999999e-05
    ],
    "n_eff": 2.2,
    "n_g": 4.4,
    "center_wavelength": 1.55e-06
}