{
    "eta": 0.996,
    "alpha": 52.96,
    "K": [
        0.13121257226534333,
        0.041090628334868394,
        0.2627346637962754,
        0.3604649159680836,
        0.29668206812486414,
        0.054367190271275234,
        0.22374250182407054
    ],
    "L": [
        6.2e-05,
        6.2e-05,
        7.749999999999999e-05,
        7.749999999999999e-05,
        7.749999999999999e-05,
        7.749999999999999e-05
    ],
    "n_eff": 2.2,
    "n_g": 4.4,
    "center_wavelength": 1.55e-06
}