{
    "eta": 0.996,
    "alpha": 52.96,
    "K": [
        0.515775109828235,
        0.05964135607995763,
        0.04191607649112822,
        0.05241728408116514,
        0.06512644622636832,
        0.08107889787302913,
        0.42370386474737576
    ],
    "L": [
        6.2e-05,
        6.2e-05,
        7.749999999999999e-05,
        7.749999999999999e-05,
        7.749999999999999e-05,
        7.749999999999999e-05
    ],
    "n_eff": 2.2,
    "n_g": 4.4,
    "center_wavelength": 1.55e-06
}