{
    "eta": 0.996,
    "alpha": 52.96,
    "K": [
        0.5433194781550883,
        0.07410393832993006,
        0.02948468962593398,
        0.015170456903975893,
        0.11400472400427347,
        0.06921048318476536,
        0.43457258649768427
    ],
    "L": [
        7.749999999999999e-05,
        6.2e-05,
        6.2e-05,
        7.749999999999999e-05,
        7.749999999999999e-05,
        7.749999999999999e-05
    ],
    "n_eff": 2.2,
    "n_g": 4.4,
    "center_wavelength": 1.55e-06
}