{
    "eta": 0.996,
    "alpha": 11.51,
    "K": [
        0.5688934803991188,
        0.10065395699072177,
        0.09570980862776107,
        0.3971459026889451,
        0.4639214052686379,
        0.1511616863966896,
        0.32369029562414886
    ],
    "L": [
        7.749999999999999e-05,
        7.749999999999999e-05,
        7.749999999999999e-05,
        7.749999999999999e-05,
        7.749999999999999e-05,
        6.2e-05
    ],
    "n_eff": 2.2,
    "n_g": 4.4,
    "center_wavelength": 1.55e-06
}