{
    "eta": 0.996,
    "alpha": 52.96,
    "K": [
        0.5875816009480106,
        0.11766855439648016,
        0.06506438691868077,
        0.05322369205084376,
        0.051367290813402744,
        0.03664771268886752,
        0.12621131027361776
    ],
    "L": [
        7.749999999999999e-05,
        7.749999999999999e-05,
        7.749999999999999e-05,
        7.749999999999999e-05,
        6.2e-05,
        6.2e-05
    ],
    "n_eff": 2.2,
    "n_g": 4.4,
    "center_wavelength": 1.55e-06
}