{
    "eta": 0.996,
    "alpha": 11.51,
    "K": [
        0.899482714616743,
        0.8823031480089818,
        0.29998365482107614,
        0.14911854104752859,
        0.004756601140797845,
        0.0426540494474672,
        0.49565973685878756
    ],
    "L": [
        6.2e-05,
        6.2e-05,
        7.749999999999999e-05,
        7.749999999999999e-05,
        6.2e-05,
        6.2e-05
    ],
    "n_eff": 2.2,
    "n_g": 4.4,
    "center_wavelength": 1.55e-06
}