{
    "eta": 0.996,
    "alpha": 11.51,
    "K": [
        0.5793882162739654,
        0.10357171289909683,
        0.06763802331211383,
        0.23735117236048336,
        0.5984798656161107,
        0.3018893725392085,
        0.3495912647347521
    ],
    "L": [
        7.749999999999999e-05,
        7.749999999999999e-05,
        7.749999999999999e-05,
        6.2e-05,
        7.749999999999999e-05,
        6.2e-05
    ],
    "n_eff": 2.2,
    "n_g": 4.4,
    "center_wavelength": 1.55e-06
}