{
    "eta": 0.996,
    "alpha": 52.96,
    "K": [
        0.07902918028338768,
        0.03710407769814833,
        0.04429397095908144,
        0.055868173190769255,
        0.07423824493019282,
        0.17297991243042593,
        0.7276557780929949
    ],
    "L": [
        6.2e-05,
        6.2e-05,
        7.749999999999999e-05,
        7.749999999999999e-05,
        7.749999999999999e-05,
        7.749999999999999e-05
    ],
    "n_eff": 2.2,
    "n_g": 4.4,
    "center_wavelength": 1.55e-06
}