{
    "eta": 0.996,
    "alpha": 11.51,
    "K": [
        0.280527555593418,
        0.07157182971980647,
        0.17701855499723584,
        0.547263290868544,
        0.30906767526953577,
        0.11700496950923073,
        0.5111343876389072
    ],
    "L": [
        6.2e-05,
        7.749999999999999e-05,
        7.749999999999999e-05,
        7.749999999999999e-05,
        7.749999999999999e-05,
        6.2e-05
    ],
    "n_eff": 2.2,
    "n_g": 4.4,
    "center_wavelength": 1.55e-06
}