{
    "eta": 0.996,
    "alpha": 52.96,
    "K": [
        0.5850973903949004,
        0.09454431840667593,
        0.0408846774282475,
        0.032639465830249584,
        0.04113402228773204,
        0.06694818334781041,
        0.15574403644583856
    ],
    "L": [
        6.2e-05,
        6.2e-05,
        6.2e-05,
        6.2e-05,
        7.749999999999999e-05,
        7.749999999999999e-05
    ],
    "n_eff": 2.2,
    "n_g": 4.4,
    "center_wavelength": 1.55e-06
}