{
    "eta": 0.996,
    "alpha": 11.51,
    "K": [
        0.5268931115312322,
        0.08525737658213411,
        0.24409722088671398,
        0.8583331037449766,
        0.3754512154477757,
        0.0980747999654179,
        0.31986805907969695
    ],
    "L": [
        6.2e-05,
        6.2e-05,
        7.749999999999999e-05,
        7.749999999999999e-05,
        7.749999999999999e-05,
        7.749999999999999e-05
    ],
    "n_eff": 2.2,
    "n_g": 4.4,
    "center_wavelength": 1.55e-06
}