{
    "eta": 0.996,
    "alpha": 52.96,
    "K": [
        0.34968568485800416,
        0.09357197655775168,
        0.03299562394836392,
        0.05711579987735255,
        0.0468843652668442,
        0.050962222917153466,
        0.41497635797050453
    ],
    "L": [
        9.299999999999998e-05,
        9.299999999999998e-05,
        9.299999999999998e-05,
        7.749999999999999e-05,
        7.749999999999999e-05,
        7.749999999999999e-05
    ],
    "n_eff": 2.2,
    "n_g": 4.4,
    "center_wavelength": 1.55e-06
}