{
    "eta": 0.996,
    "alpha": 52.96,
    "K": [
        0.2777123442416,
        0.041210368953519726,
        0.0369106404693178,
        0.031775320427188905,
        0.024311822878889257,
        0.08415457455612851,
        0.22016191653882983
    ],
    "L": [
        7.749999999999999e-05,
        6.2e-05,
        6.2e-05,
        6.2e-05,
        7.749999999999999e-05,
        7.749999999999999e-05
    ],
    "n_eff": 2.2,
    "n_g": 4.4,
    "center_wavelength": 1.55e-06
}