{
    "eta": 0.996,
    "alpha": 11.51,
    "K": [
        0.6737697100184274,
        0.11833437885162745,
        0.05005482110064757,
        0.051493912395164654,
        0.02676229276783665,
        0.08658715657485094,
        0.5150890435403238
    ],
    "L": [
        7.749999999999999e-05,
        7.749999999999999e-05,
        7.749999999999999e-05,
        6.2e-05,
        6.2e-05,
        6.2e-05
    ],
    "n_eff": 2.2,
    "n_g": 4.4,
    "center_wavelength": 1.55e-06
}