{
    "eta": 0.996,
    "alpha": 52.96,
    "K": [
        0.9731502453160237,
        0.624267100561203,
        0.8394720690084384,
        0.10860704503224161,
        0.08110753838468276,
        0.09603368908838517,
        0.5985321938077379
    ],
    "L": [
        5.5e-05,
        5.5e-05,
        5.5e-05,
        8.24e-05,
        8.24e-05,
        8.24e-05
    ],
    "n_eff": 2.2,
    "n_g": 4.4,
    "center_wavelength": 1.55e-06
}