{
    "eta": 0.996,
    "alpha": 11.51,
    "K": [
        0.5820883729739925,
        0.06975265137562187,
        0.03373435095372512,
        0.02282464825189695,
        0.05125425755760865,
        0.09319655031391977,
        0.5554429117542535
    ],
    "L": [
        7.749999999999999e-05,
        6.2e-05,
        6.2e-05,
        7.749999999999999e-05,
        7.749999999999999e-05,
        7.749999999999999e-05
    ],
    "n_eff": 2.2,
    "n_g": 4.4,
    "center_wavelength": 1.55e-06
}