{
    "eta": 0.996,
    "alpha": 11.51,
    "K": [
        0.33673796420351476,
        0.008634811581684323,
        0.07264373380592398,
        0.06905758515766106,
        0.12451948305538152,
        0.42722620800827815,
        0.9497754139800461
    ],
    "L": [
        6.2e-05,
        6.2e-05,
        7.749999999999999e-05,
        7.749999999999999e-05,
        7.749999999999999e-05,
        7.749999999999999e-05
    ],
    "n_eff": 2.2,
    "n_g": 4.4,
    "center_wavelength": 1.55e-06
}