{
    "eta": 0.996,
    "alpha": 11.51,
    "K": [
        0.572189710056671,
        0.10372418062474185,
        0.08471055469273094,
        0.32917447199725247,
        0.4775994320308532,
        0.17156617685621614,
        0.31455021795043775
    ],
    "L": [
        7.749999999999999e-05,
        7.749999999999999e-05,
        7.749999999999999e-05,
        7.749999999999999e-05,
        7.749999999999999e-05,
        6.2e-05
    ],
    "n_eff": 2.2,
    "n_g": 4.4,
    "center_wavelength": 1.55e-06
}