{
    "eta": 0.996,
    "alpha": 52.96,
    "K": [
        0.6923780464081629,
        0.6942709998165215,
        0.3593937637560358,
        0.21851410283081418,
        0.030957739882232993,
        0.0835343882728975,
        0.5791245095327173
    ],
    "L": [
        6.2e-05,
        6.2e-05,
        7.749999999999999e-05,
        7.749999999999999e-05,
        7.749999999999999e-05,
        7.749999999999999e-05
    ],
    "n_eff": 2.2,
    "n_g": 4.4,
    "center_wavelength": 1.55e-06
}