{
    "n_g": 4.4,
    "n_eff": 2.2,
    "eta": 0.996,
    "alpha": 52.96,
    "center_wavelength": 1.55e-06,
    "length_of_3db_band": 1e-09,
    "max_crosstalk": -30,
    "H_p": -20,
    "H_s": -60,
    "H_i": -10,
    "r_max": 5,
    "weight": [
        1.0,
        3.5,
        1.0,
        5.0,
        3.5,
        1.0,
        1.0,
        0.5,
        0.5,
        0.5,
        0.5,
        0.5,
        0.5,
        0.5
    ],
    "format": false,
    "simulate_one_cycle": true,
    "name": "",
    "label": "",
    "skip_graph": true,
    "skip_evaluation": false,
    "ignore_binary_evaluation": true,
    "K": [
        0.8884370656202729,
        0.1851742896725702,
        0.03810600835802552,
        0.03205011479234521,
        0.046696863648374665,
        0.06288197381195965,
        0.26716546808481967
    ],
    "L": [
        8.243181818181816e-05,
        5.495454545454545e-05,
        5.495454545454545e-05,
        5.495454545454545e-05,
        8.243181818181816e-05,
        8.243181818181816e-05
    ],
    "lambda_limit": []
}