{
    "eta": 0.996,
    "alpha": 52.96,
    "K": [
        0.5412486604425132,
        0.11271130749403607,
        0.06094470368779564,
        0.040104530663256976,
        0.03015964581785774,
        0.032685805457377703,
        0.3218307094859886
    ],
    "L": [
        8.243181818181816e-05,
        8.243181818181816e-05,
        8.243181818181816e-05,
        5.495454545454545e-05,
        5.495454545454545e-05,
        5.495454545454545e-05
    ],
    "n_eff": 2.2,
    "n_g": 4.4,
    "center_wavelength": 1.55e-06
}