{
    "eta": 0.996,
    "alpha": 11.51,
    "K": [
        0.5621989699247874,
        0.07004458759268743,
        0.0394239800516557,
        0.11073287671428185,
        0.37196171168446773,
        0.8299335528679008,
        0.8654643911715384
    ],
    "L": [
        7.749999999999999e-05,
        6.2e-05,
        7.749999999999999e-05,
        7.749999999999999e-05,
        7.749999999999999e-05,
        7.749999999999999e-05
    ],
    "n_eff": 2.2,
    "n_g": 4.4,
    "center_wavelength": 1.55e-06
}