{
    "eta": 0.996,
    "alpha": 52.96,
    "K": [
        0.025736683307315156,
        0.03981061362936639,
        0.8180738089803281,
        0.02760847415498946,
        0.05094203884001669,
        0.1776602821421696,
        0.0812738917934997
    ],
    "L": [
        6.2e-05,
        6.2e-05,
        7.749999999999999e-05,
        7.749999999999999e-05,
        7.749999999999999e-05,
        7.749999999999999e-05
    ],
    "n_eff": 2.2,
    "n_g": 4.4,
    "center_wavelength": 1.55e-06
}