{
    "eta": 0.996,
    "alpha": 52.96,
    "K": [
        0.13448085994806147,
        0.035512064688158894,
        0.026048528516696028,
        0.02689819556110735,
        0.02652103484853219,
        0.04529110371288654,
        0.3313043780997322
    ],
    "L": [
        6.2e-05,
        6.2e-05,
        7.749999999999999e-05,
        6.2e-05,
        7.749999999999999e-05,
        7.749999999999999e-05
    ],
    "n_eff": 2.2,
    "n_g": 4.4,
    "center_wavelength": 1.55e-06
}