{
    "eta": 0.996,
    "alpha": 52.96,
    "K": [
        0.3829077594594084,
        0.05022589160078905,
        0.043421163714440214,
        0.05424940424847857,
        0.05928764890500304,
        0.08201817244632237,
        0.48976124386305797
    ],
    "L": [
        6.2e-05,
        6.2e-05,
        7.749999999999999e-05,
        7.749999999999999e-05,
        7.749999999999999e-05,
        7.749999999999999e-05
    ],
    "n_eff": 2.2,
    "n_g": 4.4,
    "center_wavelength": 1.55e-06
}