{
    "eta": 0.996,
    "alpha": 11.51,
    "K": [
        0.573588407404464,
        0.1288059921600842,
        0.041077969759670006,
        0.05089759753287421,
        0.03240508557460713,
        0.07419385607454865,
        0.5796993955994109
    ],
    "L": [
        7.749999999999999e-05,
        7.749999999999999e-05,
        7.749999999999999e-05,
        6.2e-05,
        6.2e-05,
        6.2e-05
    ],
    "n_eff": 2.2,
    "n_g": 4.4,
    "center_wavelength": 1.55e-06
}