{
    "eta": 0.996,
    "alpha": 11.51,
    "K": [
        0.1828376883302194,
        0.023716403433060862,
        0.011571907118135938,
        0.03287427552959554,
        0.16741589804078416,
        0.5341580426904455,
        0.8967376510142766
    ],
    "L": [
        6.2e-05,
        6.2e-05,
        7.749999999999999e-05,
        7.749999999999999e-05,
        6.2e-05,
        6.2e-05
    ],
    "n_eff": 2.2,
    "n_g": 4.4,
    "center_wavelength": 1.55e-06
}