{
    "eta": 0.996,
    "alpha": 11.51,
    "K": [
        0.3166878026135955,
        0.15706420353522155,
        0.5853122085083526,
        0.5002340453352134,
        0.09878502898310493,
        0.1025841733133126,
        0.5777708118274669
    ],
    "L": [
        6.2e-05,
        7.749999999999999e-05,
        7.749999999999999e-05,
        7.749999999999999e-05,
        7.749999999999999e-05,
        7.749999999999999e-05
    ],
    "n_eff": 2.2,
    "n_g": 4.4,
    "center_wavelength": 1.55e-06
}