{
    "eta": 0.996,
    "alpha": 11.51,
    "K": [
        0.18526553194013023,
        0.031144971779051234,
        0.023470956966703094,
        0.033640850177817316,
        0.047290867756015986,
        0.111806293412272,
        0.5951397304817055
    ],
    "L": [
        6.2e-05,
        6.2e-05,
        7.749999999999999e-05,
        7.749999999999999e-05,
        7.749999999999999e-05,
        7.749999999999999e-05
    ],
    "n_eff": 2.2,
    "n_g": 4.4,
    "center_wavelength": 1.55e-06
}