{
    "eta": 0.996,
    "alpha": 11.51,
    "K": [
        0.48322270993318683,
        0.07932051818366226,
        0.12461410025175534,
        0.4638503192105357,
        0.353656490661702,
        0.11858561434064557,
        0.32601282084749506
    ],
    "L": [
        6.2e-05,
        7.749999999999999e-05,
        7.749999999999999e-05,
        7.749999999999999e-05,
        7.749999999999999e-05,
        6.2e-05
    ],
    "n_eff": 2.2,
    "n_g": 4.4,
    "center_wavelength": 1.55e-06
}