{
    "eta": 0.996,
    "alpha": 11.51,
    "K": [
        0.6044438089124806,
        0.12087956490891666,
        0.12569227994585733,
        0.42671718523874963,
        0.3316121076500603,
        0.0927075091023149,
        0.25691414040233557
    ],
    "L": [
        7.749999999999999e-05,
        7.749999999999999e-05,
        6.2e-05,
        6.2e-05,
        7.749999999999999e-05,
        6.2e-05
    ],
    "n_eff": 2.2,
    "n_g": 4.4,
    "center_wavelength": 1.55e-06
}