{
    "eta": 0.996,
    "alpha": 11.51,
    "K": [
        0.2863131669191271,
        0.07310772751143585,
        0.16370573815114148,
        0.4070671420225336,
        0.18823777671530362,
        0.11118390522743793,
        0.58391199080402
    ],
    "L": [
        6.2e-05,
        7.749999999999999e-05,
        7.749999999999999e-05,
        6.2e-05,
        6.2e-05,
        7.749999999999999e-05
    ],
    "n_eff": 2.2,
    "n_g": 4.4,
    "center_wavelength": 1.55e-06
}