{
    "eta": 0.996,
    "alpha": 11.51,
    "K": [
        0.37323689138503924,
        0.005449515610882971,
        0.03378118494954152,
        0.39660424384442083,
        0.10955169576017598,
        0.00545212827446695,
        0.20572842351094944
    ],
    "L": [
        7.749999999999999e-05,
        6.2e-05,
        7.749999999999999e-05,
        6.2e-05,
        6.2e-05,
        7.749999999999999e-05
    ],
    "n_eff": 2.2,
    "n_g": 4.4,
    "center_wavelength": 1.55e-06
}