{
    "eta": 0.996,
    "alpha": 52.96,
    "K": [
        0.028594472811525412,
        0.04511729399527154,
        0.05107736842165969,
        0.045407580759381325,
        0.03221764975638384,
        0.05591187826594046,
        0.4658754840150675
    ],
    "L": [
        6.2e-05,
        6.2e-05,
        7.749999999999999e-05,
        7.749999999999999e-05,
        7.749999999999999e-05,
        7.749999999999999e-05
    ],
    "n_eff": 2.2,
    "n_g": 4.4,
    "center_wavelength": 1.55e-06
}