{
    "eta": 0.996,
    "alpha": 11.51,
    "K": [
        0.3110255055078736,
        0.1148065604803718,
        0.4965940588978434,
        0.5123230773712542,
        0.08948643746896562,
        0.07881997232980409,
        0.48829595150554705
    ],
    "L": [
        6.2e-05,
        6.2e-05,
        7.749999999999999e-05,
        6.2e-05,
        7.749999999999999e-05,
        6.2e-05
    ],
    "n_eff": 2.2,
    "n_g": 4.4,
    "center_wavelength": 1.55e-06
}