{
    "eta": 0.996,
    "alpha": 11.51,
    "K": [
        0.9345647394283914,
        0.34142283290434744,
        0.06966520471770837,
        0.03528915595646205,
        0.03723614322083231,
        0.060005165387856024,
        0.10704160636731798
    ],
    "L": [
        7.749999999999999e-05,
        6.2e-05,
        6.2e-05,
        6.2e-05,
        7.749999999999999e-05,
        7.749999999999999e-05
    ],
    "n_eff": 2.2,
    "n_g": 4.4,
    "center_wavelength": 1.55e-06
}