{
    "eta": 0.996,
    "alpha": 11.51,
    "K": [
        0.13021626342334047,
        0.06740807343535395,
        0.04180475854334017,
        0.038525688544685785,
        0.06372797227067549,
        0.21334291404112135,
        0.8023939732574631
    ],
    "L": [
        7.749999999999999e-05,
        7.749999999999999e-05,
        6.2e-05,
        6.2e-05,
        6.2e-05,
        6.2e-05
    ],
    "n_eff": 2.2,
    "n_g": 4.4,
    "center_wavelength": 1.55e-06
}