{
    "eta": 0.996,
    "alpha": 52.96,
    "K": [
        0.3685836104792273,
        0.09038826941734268,
        0.06343104091671686
    ],
    "L": [
        5.495454545454545e-05,
        8.243181818181816e-05
    ],
    "n_eff": 2.2,
    "n_g": 4.4,
    "center_wavelength": 1.55e-06
}