{
    "eta": 0.996,
    "alpha": 11.51,
    "K": [
        0.31772541286084754,
        0.08673962828489835,
        0.10037864507344424,
        0.17566947322148402,
        0.13941587161795915,
        0.09006241302177245,
        0.4611941618287535
    ],
    "L": [
        6.2e-05,
        7.749999999999999e-05,
        6.2e-05,
        7.749999999999999e-05,
        7.749999999999999e-05,
        6.2e-05
    ],
    "n_eff": 2.2,
    "n_g": 4.4,
    "center_wavelength": 1.55e-06
}