{
    "eta": 0.996,
    "alpha": 52.96,
    "K": [
        0.10766640071424449,
        0.028568078693645804,
        0.03595221622926098,
        0.03872498103520161,
        0.0502594462375876,
        0.10392742459120141,
        0.5881425699472194
    ],
    "L": [
        6.2e-05,
        6.2e-05,
        7.749999999999999e-05,
        7.749999999999999e-05,
        7.749999999999999e-05,
        7.749999999999999e-05
    ],
    "n_eff": 2.2,
    "n_g": 4.4,
    "center_wavelength": 1.55e-06
}