{
    "eta": 0.996,
    "alpha": 11.51,
    "K": [
        0.336796665505035,
        0.06589681241513273,
        0.07037332551724179,
        0.3237052955094075,
        0.3572768869755105,
        0.1962264352262888,
        0.6275037227067879
    ],
    "L": [
        7.749999999999999e-05,
        6.2e-05,
        7.749999999999999e-05,
        6.2e-05,
        6.2e-05,
        7.749999999999999e-05
    ],
    "n_eff": 2.2,
    "n_g": 4.4,
    "center_wavelength": 1.55e-06
}