{
    "eta": 0.996,
    "alpha": 52.96,
    "K": [
        0.09459393937717642,
        0.03874779005984519,
        0.049977451152601604,
        0.042253344355246525,
        0.06024813091121717,
        0.07764886521042641,
        0.4925807858160079
    ],
    "L": [
        6.2e-05,
        6.2e-05,
        7.749999999999999e-05,
        7.749999999999999e-05,
        7.749999999999999e-05,
        7.749999999999999e-05
    ],
    "n_eff": 2.2,
    "n_g": 4.4,
    "center_wavelength": 1.55e-06
}