{
    "eta": 0.996,
    "alpha": 52.96,
    "K": [
        0.36215072311630164,
        0.04377777796296983,
        0.04517269388935147,
        0.05537101283511131,
        0.05864228614940448,
        0.08947509351379723,
        0.5184701830640978
    ],
    "L": [
        6.2e-05,
        6.2e-05,
        7.749999999999999e-05,
        7.749999999999999e-05,
        7.749999999999999e-05,
        7.749999999999999e-05
    ],
    "n_eff": 2.2,
    "n_g": 4.4,
    "center_wavelength": 1.55e-06
}