{
    "eta": 0.996,
    "alpha": 11.51,
    "K": [
        0.5128783169086347,
        0.07218467601100376,
        0.12858927286768623,
        0.8965975337436781,
        0.773683269237545,
        0.1509493085441485,
        0.3393753489639882
    ],
    "L": [
        6.2e-05,
        6.2e-05,
        7.749999999999999e-05,
        7.749999999999999e-05,
        7.749999999999999e-05,
        7.749999999999999e-05
    ],
    "n_eff": 2.2,
    "n_g": 4.4,
    "center_wavelength": 1.55e-06
}