{
    "eta": 0.996,
    "alpha": 11.51,
    "K": [
        0.6200315584018034,
        0.13894179565428677,
        0.04683679999750184,
        0.003967522154334602,
        0.002249173691793782,
        0.06931625239538453,
        0.8040195764383662
    ],
    "L": [
        7.749999999999999e-05,
        7.749999999999999e-05,
        7.749999999999999e-05,
        6.2e-05,
        7.749999999999999e-05,
        7.749999999999999e-05
    ],
    "n_eff": 2.2,
    "n_g": 4.4,
    "center_wavelength": 1.55e-06
}