{
    "eta": 0.996,
    "alpha": 11.51,
    "K": [
        0.5029413303270361,
        0.06085406978215202,
        0.03761830176592318,
        0.07314491662578854,
        0.1775111149673449,
        0.7663944276102145,
        0.9659539185089431
    ],
    "L": [
        6.2e-05,
        6.2e-05,
        7.749999999999999e-05,
        7.749999999999999e-05,
        7.749999999999999e-05,
        7.749999999999999e-05
    ],
    "n_eff": 2.2,
    "n_g": 4.4,
    "center_wavelength": 1.55e-06
}