{
    "eta": 0.996,
    "alpha": 11.51,
    "K": [
        0.575398623013783,
        0.10258684357368042,
        0.1284585593610035,
        0.7753040349262897,
        0.5641143712437526,
        0.09113569669732322,
        0.2922802261454143
    ],
    "L": [
        7.749999999999999e-05,
        7.749999999999999e-05,
        6.2e-05,
        6.2e-05,
        6.2e-05,
        6.2e-05
    ],
    "n_eff": 2.2,
    "n_g": 4.4,
    "center_wavelength": 1.55e-06
}