{
    "eta": 0.996,
    "alpha": 11.51,
    "K": [
        0.6479796954511879,
        0.31037507744612647,
        0.5077103192519565,
        0.21809958195499363,
        0.054107398652728234,
        0.08994545092049105,
        0.3723969766556553
    ],
    "L": [
        7.749999999999999e-05,
        7.749999999999999e-05,
        7.749999999999999e-05,
        6.2e-05,
        7.749999999999999e-05,
        7.749999999999999e-05
    ],
    "n_eff": 2.2,
    "n_g": 4.4,
    "center_wavelength": 1.55e-06
}