{
    "eta": 0.996,
    "alpha": 11.51,
    "K": [
        0.3152348990647548,
        0.011575724821469116,
        0.005787033468481816,
        0.16766765790253782,
        0.3328004012637528,
        0.05429122411041169,
        0.15156756028319227
    ],
    "L": [
        7.749999999999999e-05,
        6.2e-05,
        6.2e-05,
        7.749999999999999e-05,
        7.749999999999999e-05,
        7.749999999999999e-05
    ],
    "n_eff": 2.2,
    "n_g": 4.4,
    "center_wavelength": 1.55e-06
}