{
    "eta": 0.996,
    "alpha": 11.51,
    "K": [
        0.3306210047629111,
        0.14672486220040415,
        0.5563386110198331,
        0.4525638681661449,
        0.07287740047991803,
        0.07648938009150047,
        0.48642498781354404
    ],
    "L": [
        6.2e-05,
        6.2e-05,
        7.749999999999999e-05,
        6.2e-05,
        7.749999999999999e-05,
        6.2e-05
    ],
    "n_eff": 2.2,
    "n_g": 4.4,
    "center_wavelength": 1.55e-06
}