{
    "eta": 0.996,
    "alpha": 11.51,
    "K": [
        0.4795877731533924,
        0.07263782707099925,
        0.042147018061036934,
        0.07708500557518694,
        0.3086639575041634,
        0.5603149751297843,
        0.6396099299447913
    ],
    "L": [
        6.2e-05,
        7.749999999999999e-05,
        6.2e-05,
        6.2e-05,
        7.749999999999999e-05,
        6.2e-05
    ],
    "n_eff": 2.2,
    "n_g": 4.4,
    "center_wavelength": 1.55e-06
}