{
    "eta": 0.996,
    "alpha": 11.51,
    "K": [
        0.48324911536722637,
        0.07221172086246547,
        0.20448133835587895,
        0.6658945735544421,
        0.2652545959719459,
        0.10895118190093317,
        0.3733357617296739
    ],
    "L": [
        6.2e-05,
        6.2e-05,
        7.749999999999999e-05,
        7.749999999999999e-05,
        7.749999999999999e-05,
        7.749999999999999e-05
    ],
    "n_eff": 2.2,
    "n_g": 4.4,
    "center_wavelength": 1.55e-06
}