{
    "eta": 0.996,
    "alpha": 11.51,
    "K": [
        0.38231666384196095,
        0.14209450382670086,
        0.38096537250123325,
        0.4971486971672462,
        0.12951032871140272,
        0.08119191483161252,
        0.4773091572185151
    ],
    "L": [
        7.749999999999999e-05,
        7.749999999999999e-05,
        7.749999999999999e-05,
        7.749999999999999e-05,
        7.749999999999999e-05,
        6.2e-05
    ],
    "n_eff": 2.2,
    "n_g": 4.4,
    "center_wavelength": 1.55e-06
}