{
    "eta": 0.996,
    "alpha": 11.51,
    "K": [
        0.6622911874822393,
        0.11602279039323293,
        0.05364180549270503,
        0.04972709433813621,
        0.02498038130806579,
        0.08082086140278255,
        0.48107973061175935
    ],
    "L": [
        7.749999999999999e-05,
        7.749999999999999e-05,
        7.749999999999999e-05,
        6.2e-05,
        6.2e-05,
        6.2e-05
    ],
    "n_eff": 2.2,
    "n_g": 4.4,
    "center_wavelength": 1.55e-06
}