{
    "eta": 0.996,
    "alpha": 11.51,
    "K": [
        0.4948720709962096,
        0.07743950172093139,
        0.3166828625445116,
        0.9685931246704844,
        0.4058324992737476,
        0.10080077218167854,
        0.34709891808550697
    ],
    "L": [
        6.2e-05,
        6.2e-05,
        7.749999999999999e-05,
        7.749999999999999e-05,
        7.749999999999999e-05,
        7.749999999999999e-05
    ],
    "n_eff": 2.2,
    "n_g": 4.4,
    "center_wavelength": 1.55e-06
}