{
    "eta": 0.996,
    "alpha": 52.96,
    "K": [
        0.4563049658801343,
        0.07501401996692425,
        0.08411476918916944,
        0.04152559794173577,
        0.016519828737159237,
        0.07898463942569744,
        0.3977535894915226
    ],
    "L": [
        7.749999999999999e-05,
        7.749999999999999e-05,
        7.749999999999999e-05,
        6.2e-05,
        6.2e-05,
        7.749999999999999e-05
    ],
    "n_eff": 2.2,
    "n_g": 4.4,
    "center_wavelength": 1.55e-06
}