{
    "eta": 0.996,
    "alpha": 52.96,
    "K": [
        0.7900145067056695,
        0.16614732759896855,
        0.07082532027337968,
        0.047481531688528866,
        0.09167745184928189,
        0.07046832384216006,
        0.4879241325165079
    ],
    "L": [
        6.2e-05,
        6.2e-05,
        7.749999999999999e-05,
        7.749999999999999e-05,
        7.749999999999999e-05,
        7.749999999999999e-05
    ],
    "n_eff": 2.2,
    "n_g": 4.4,
    "center_wavelength": 1.55e-06
}