{
    "eta": 0.996,
    "alpha": 11.51,
    "K": [
        0.3757714499916892,
        0.061549648708071045,
        0.37795298016899626,
        0.2482436173848501,
        0.010948282936262328,
        0.010935857433298122,
        0.10776984502859437
    ],
    "L": [
        7.749999999999999e-05,
        7.749999999999999e-05,
        7.749999999999999e-05,
        6.2e-05,
        6.2e-05,
        7.749999999999999e-05
    ],
    "n_eff": 2.2,
    "n_g": 4.4,
    "center_wavelength": 1.55e-06
}