{
    "eta": 0.996,
    "alpha": 11.51,
    "K": [
        0.10132197350453317,
        0.0130369040944278,
        0.013601384083467909,
        0.0176481842805298,
        0.011288947918402693,
        0.015948001465214422,
        0.278401724633771
    ],
    "L": [
        6.2e-05,
        6.2e-05,
        7.749999999999999e-05,
        7.749999999999999e-05,
        7.749999999999999e-05,
        7.749999999999999e-05
    ],
    "n_eff": 2.2,
    "n_g": 4.4,
    "center_wavelength": 1.55e-06
}