{
    "eta": 0.996,
    "alpha": 52.96,
    "K": [
        0.45883968348543247,
        0.05164772342966012,
        0.03054189709840055,
        0.022079888987903196,
        0.025452590262855124,
        0.11239637425935994,
        0.08402853516158587
    ],
    "L": [
        6.2e-05,
        6.2e-05,
        7.749999999999999e-05,
        6.2e-05,
        7.749999999999999e-05,
        7.749999999999999e-05
    ],
    "n_eff": 2.2,
    "n_g": 4.4,
    "center_wavelength": 1.55e-06
}