{
    "eta": 0.996,
    "alpha": 11.51,
    "K": [
        0.027969028360336323,
        0.0036593589274430127,
        0.020024412757435994,
        0.3602494967815124,
        0.30044809959823404,
        0.05694124227220371,
        0.4518880375294913
    ],
    "L": [
        6.2e-05,
        7.749999999999999e-05,
        7.749999999999999e-05,
        7.749999999999999e-05,
        7.749999999999999e-05,
        7.749999999999999e-05
    ],
    "n_eff": 2.2,
    "n_g": 4.4,
    "center_wavelength": 1.55e-06
}