{
    "eta": 0.996,
    "alpha": 52.96,
    "K": [
        0.4953671340868096,
        0.05970917535988855,
        0.03819965177057455,
        0.023078770909472388,
        0.09400736479666236,
        0.10576749275056724,
        0.5078835141153581
    ],
    "L": [
        7.749999999999999e-05,
        6.2e-05,
        6.2e-05,
        7.749999999999999e-05,
        7.749999999999999e-05,
        7.749999999999999e-05
    ],
    "n_eff": 2.2,
    "n_g": 4.4,
    "center_wavelength": 1.55e-06
}