{
    "eta": 0.996,
    "alpha": 52.96,
    "K": [
        0.45537054595218396,
        0.05610531078059869,
        0.028239282522521517,
        0.024360320645154785,
        0.034657383102945354,
        0.10160359319331808,
        0.12324073010862778
    ],
    "L": [
        6.2e-05,
        6.2e-05,
        6.2e-05,
        6.2e-05,
        7.749999999999999e-05,
        7.749999999999999e-05
    ],
    "n_eff": 2.2,
    "n_g": 4.4,
    "center_wavelength": 1.55e-06
}