{
    "eta": 0.996,
    "alpha": 52.96,
    "K": [
        0.2619808632744556,
        0.02504964858993791,
        0.024556517817361553,
        0.02434552784608208,
        0.02095929830158411,
        0.06737091947446638,
        0.23497220134106522
    ],
    "L": [
        6.2e-05,
        6.2e-05,
        6.2e-05,
        6.2e-05,
        7.749999999999999e-05,
        7.749999999999999e-05
    ],
    "n_eff": 2.2,
    "n_g": 4.4,
    "center_wavelength": 1.55e-06
}