{
    "eta": 0.996,
    "alpha": 52.96,
    "K": [
        0.3712546884458203,
        0.04416627996781726,
        0.03127155312779557,
        0.028234824133872696,
        0.08048948633259262,
        0.05809669957560498,
        0.4748138394730692
    ],
    "L": [
        7.749999999999999e-05,
        6.2e-05,
        6.2e-05,
        7.749999999999999e-05,
        7.749999999999999e-05,
        7.749999999999999e-05
    ],
    "n_eff": 2.2,
    "n_g": 4.4,
    "center_wavelength": 1.55e-06
}