{
    "eta": 0.996,
    "alpha": 52.96,
    "K": [
        0.18663725395853487,
        0.03826855286317274,
        0.013279765404647087,
        0.029009966368545262,
        0.034467522461015386,
        0.04190060355957333,
        0.324715087034654
    ],
    "L": [
        6.2e-05,
        6.2e-05,
        7.749999999999999e-05,
        6.2e-05,
        7.749999999999999e-05,
        7.749999999999999e-05
    ],
    "n_eff": 2.2,
    "n_g": 4.4,
    "center_wavelength": 1.55e-06
}