{
    "eta": 0.996,
    "alpha": 11.51,
    "K": [
        0.5083084576949097,
        0.13047174226661856,
        0.3814122379487159,
        0.5188501906008217,
        0.1368636394982124,
        0.0704678121198381,
        0.29264832881375136
    ],
    "L": [
        6.2e-05,
        7.749999999999999e-05,
        7.749999999999999e-05,
        7.749999999999999e-05,
        7.749999999999999e-05,
        6.2e-05
    ],
    "n_eff": 2.2,
    "n_g": 4.4,
    "center_wavelength": 1.55e-06
}