{
    "eta": 0.996,
    "alpha": 11.51,
    "K": [
        0.3815275734751088,
        0.06665889589682739,
        0.0855840913991397,
        0.0028249100955429762,
        0.050528182379719455,
        0.08081760609124833,
        0.3736060870459539
    ],
    "L": [
        6.2e-05,
        7.749999999999999e-05,
        7.749999999999999e-05,
        6.2e-05,
        6.2e-05,
        7.749999999999999e-05
    ],
    "n_eff": 2.2,
    "n_g": 4.4,
    "center_wavelength": 1.55e-06
}