{
    "eta": 0.996,
    "alpha": 52.96,
    "K": [
        0.3012056594477032,
        0.01543854238387503,
        0.01637997936836713,
        0.04844325436062122,
        0.05091713338506189,
        0.12487515436757717,
        0.5044594746495582
    ],
    "L": [
        6.2e-05,
        6.2e-05,
        7.749999999999999e-05,
        7.749999999999999e-05,
        7.749999999999999e-05,
        7.749999999999999e-05
    ],
    "n_eff": 2.2,
    "n_g": 4.4,
    "center_wavelength": 1.55e-06
}