{
    "eta": 0.996,
    "alpha": 52.96,
    "K": [
        0.5521004813316499,
        0.3855939187381873,
        0.2464228059516172,
        0.31484980861940504,
        0.01894118926090116,
        0.09630446095156253,
        0.6389299300178932
    ],
    "L": [
        6.2e-05,
        6.2e-05,
        7.749999999999999e-05,
        7.749999999999999e-05,
        7.749999999999999e-05,
        7.749999999999999e-05
    ],
    "n_eff": 2.2,
    "n_g": 4.4,
    "center_wavelength": 1.55e-06
}