{
    "eta": 0.996,
    "alpha": 52.96,
    "K": [
        0.10459910039363983,
        0.0401933913282097,
        0.041509914289997764,
        0.05061168840373678,
        0.054235763603757495,
        0.09709940577632171,
        0.4956665490322951
    ],
    "L": [
        6.2e-05,
        6.2e-05,
        7.749999999999999e-05,
        7.749999999999999e-05,
        7.749999999999999e-05,
        7.749999999999999e-05
    ],
    "n_eff": 2.2,
    "n_g": 4.4,
    "center_wavelength": 1.55e-06
}