{
    "eta": 0.996,
    "alpha": 52.96,
    "K": [
        0.8070176583407258,
        0.32928608894041766,
        0.08009068533562091,
        0.07627619083875153,
        0.048572337612438954,
        0.08543295086705888,
        0.5398650568660508
    ],
    "L": [
        6.2e-05,
        6.2e-05,
        7.749999999999999e-05,
        7.749999999999999e-05,
        7.749999999999999e-05,
        7.749999999999999e-05
    ],
    "n_eff": 2.2,
    "n_g": 4.4,
    "center_wavelength": 1.55e-06
}