{
    "eta": 0.996,
    "alpha": 52.96,
    "K": [
        0.9915707062306094,
        0.5372696317862509,
        0.11908335623158828,
        0.06626001866710474,
        0.061143185076124096,
        0.09892256850530423,
        0.2834955737804186
    ],
    "L": [
        6.2e-05,
        6.2e-05,
        7.749999999999999e-05,
        7.749999999999999e-05,
        7.749999999999999e-05,
        7.749999999999999e-05
    ],
    "n_eff": 2.2,
    "n_g": 4.4,
    "center_wavelength": 1.55e-06
}