{
    "eta": 0.996,
    "alpha": 52.96,
    "K": [
        0.2670586226768865,
        0.030223223222475882,
        0.04169754044138237,
        0.030146932724640994,
        0.012990734747116211,
        0.05946710505901839,
        0.20941473487456647
    ],
    "L": [
        6.2e-05,
        6.2e-05,
        7.749999999999999e-05,
        6.2e-05,
        7.749999999999999e-05,
        7.749999999999999e-05
    ],
    "n_eff": 2.2,
    "n_g": 4.4,
    "center_wavelength": 1.55e-06
}