{
    "eta": 0.996,
    "alpha": 52.96,
    "K": [
        0.5530559800655609,
        0.13099198410529656,
        0.3440931798746608,
        0.4787902374943516,
        0.12660284640467007,
        0.08054009451052058,
        0.2879487417744334
    ],
    "L": [
        6.2e-05,
        6.2e-05,
        7.749999999999999e-05,
        7.749999999999999e-05,
        7.749999999999999e-05,
        7.749999999999999e-05
    ],
    "n_eff": 2.2,
    "n_g": 4.4,
    "center_wavelength": 1.55e-06
}