{
    "eta": 0.996,
    "alpha": 11.51,
    "K": [
        0.1929308713867115,
        0.05573665884442147,
        0.05186248772124524,
        0.0655362277744399,
        0.11995791814876783,
        0.4687290190826965,
        0.9687327797756919
    ],
    "L": [
        6.2e-05,
        7.749999999999999e-05,
        7.749999999999999e-05,
        7.749999999999999e-05,
        6.2e-05,
        6.2e-05
    ],
    "n_eff": 2.2,
    "n_g": 4.4,
    "center_wavelength": 1.55e-06
}