{
    "eta": 0.996,
    "alpha": 52.96,
    "K": [
        0.09381574640028023,
        0.03786074810605,
        0.052982167940738234,
        0.04196144640331656,
        0.05755430132979472,
        0.07869768808904692,
        0.49867740902862223
    ],
    "L": [
        6.2e-05,
        6.2e-05,
        7.749999999999999e-05,
        7.749999999999999e-05,
        7.749999999999999e-05,
        7.749999999999999e-05
    ],
    "n_eff": 2.2,
    "n_g": 4.4,
    "center_wavelength": 1.55e-06
}