{
    "eta": 0.996,
    "alpha": 11.51,
    "K": [
        0.5164875609538284,
        0.07611673747331836,
        0.21168534751732437,
        0.879038308089927,
        0.4465795397411739,
        0.10318100527523423,
        0.3327211967437302
    ],
    "L": [
        6.2e-05,
        6.2e-05,
        7.749999999999999e-05,
        7.749999999999999e-05,
        7.749999999999999e-05,
        7.749999999999999e-05
    ],
    "n_eff": 2.2,
    "n_g": 4.4,
    "center_wavelength": 1.55e-06
}