{
    "eta": 0.996,
    "alpha": 11.51,
    "K": [
        0.025563126325111117,
        0.03041804923439449,
        0.029657341194182542,
        0.04342209751111703,
        0.06693546736271673,
        0.20360685016372454,
        0.7822801924289602
    ],
    "L": [
        6.2e-05,
        6.2e-05,
        7.749999999999999e-05,
        7.749999999999999e-05,
        7.749999999999999e-05,
        7.749999999999999e-05
    ],
    "n_eff": 2.2,
    "n_g": 4.4,
    "center_wavelength": 1.55e-06
}