{
    "eta": 0.996,
    "alpha": 52.96,
    "K": [
        0.4371739739457274,
        0.05723316334514055,
        0.02616287744885719,
        0.030940110555741845,
        0.07732677130235459,
        0.06894470369907625,
        0.351026780125483
    ],
    "L": [
        7.749999999999999e-05,
        6.2e-05,
        6.2e-05,
        7.749999999999999e-05,
        7.749999999999999e-05,
        7.749999999999999e-05
    ],
    "n_eff": 2.2,
    "n_g": 4.4,
    "center_wavelength": 1.55e-06
}