{
    "eta": 0.996,
    "alpha": 52.96,
    "K": [
        0.24818143128812659,
        0.0473319725559713,
        0.019772852189693525,
        0.0610658485620786,
        0.02288318500739514,
        0.023480697897973524,
        0.3689799392618668
    ],
    "L": [
        6.2e-05,
        6.2e-05,
        7.749999999999999e-05,
        7.749999999999999e-05,
        6.2e-05,
        7.749999999999999e-05
    ],
    "n_eff": 2.2,
    "n_g": 4.4,
    "center_wavelength": 1.55e-06
}