{
    "eta": 0.996,
    "alpha": 52.96,
    "K": [
        0.08712194764095677,
        0.04040407278850017,
        0.047814246965011686,
        0.04335783020730127,
        0.05974379390333978,
        0.08439781201692748,
        0.5623117005598162
    ],
    "L": [
        6.2e-05,
        6.2e-05,
        7.749999999999999e-05,
        7.749999999999999e-05,
        7.749999999999999e-05,
        7.749999999999999e-05
    ],
    "n_eff": 2.2,
    "n_g": 4.4,
    "center_wavelength": 1.55e-06
}