{
    "eta": 0.996,
    "alpha": 11.51,
    "K": [
        0.45094360206661704,
        0.03909221687680792,
        0.011069040900826499,
        0.031639077997650644,
        0.12281042057018599,
        0.8152480591572608,
        0.9521571457291501
    ],
    "L": [
        7.749999999999999e-05,
        7.749999999999999e-05,
        6.2e-05,
        6.2e-05,
        6.2e-05,
        7.749999999999999e-05
    ],
    "n_eff": 2.2,
    "n_g": 4.4,
    "center_wavelength": 1.55e-06
}