{
    "eta": 0.996,
    "alpha": 11.51,
    "K": [
        0.5679351235961956,
        0.06928498643009193,
        0.03862018000790516,
        0.06519328504489935,
        0.03447112607397463,
        0.10633972559510244,
        0.5789001872916342
    ],
    "L": [
        6.2e-05,
        6.2e-05,
        7.749999999999999e-05,
        7.749999999999999e-05,
        6.2e-05,
        7.749999999999999e-05
    ],
    "n_eff": 2.2,
    "n_g": 4.4,
    "center_wavelength": 1.55e-06
}