{
    "eta": 0.996,
    "alpha": 11.51,
    "K": [
        0.37348004023154063,
        0.32623824674604807,
        0.6788424477380376,
        0.27427716168281235,
        0.0644831080761113,
        0.10329950432498475,
        0.5911257733468581
    ],
    "L": [
        6.2e-05,
        6.2e-05,
        7.749999999999999e-05,
        7.749999999999999e-05,
        7.749999999999999e-05,
        7.749999999999999e-05
    ],
    "n_eff": 2.2,
    "n_g": 4.4,
    "center_wavelength": 1.55e-06
}