{
    "eta": 0.996,
    "alpha": 11.51,
    "K": [
        0.5151315954928836,
        0.46543649914146157,
        0.9601188293897368,
        0.1857302125896252,
        0.007725915616226708,
        0.0037222033832859935,
        0.028989195932205725
    ],
    "L": [
        7.749999999999999e-05,
        6.2e-05,
        7.749999999999999e-05,
        7.749999999999999e-05,
        7.749999999999999e-05,
        6.2e-05
    ],
    "n_eff": 2.2,
    "n_g": 4.4,
    "center_wavelength": 1.55e-06
}