{
    "eta": 0.996,
    "alpha": 11.51,
    "K": [
        0.3511681772501659,
        0.13294083458613518,
        0.38093958877904543,
        0.3656952076151831,
        0.06714007054038013,
        0.06660724758744145,
        0.4908922472428817
    ],
    "L": [
        7.749999999999999e-05,
        6.2e-05,
        7.749999999999999e-05,
        6.2e-05,
        6.2e-05,
        6.2e-05
    ],
    "n_eff": 2.2,
    "n_g": 4.4,
    "center_wavelength": 1.55e-06
}