{
    "eta": 0.996,
    "alpha": 11.51,
    "K": [
        0.5868289480133334,
        0.023441991946050844,
        0.7582958672401432,
        0.9707953860160367,
        0.021758509776797663,
        0.002328885383355239,
        0.14212046580314136
    ],
    "L": [
        6.2e-05,
        6.2e-05,
        7.749999999999999e-05,
        6.2e-05,
        7.749999999999999e-05,
        6.2e-05
    ],
    "n_eff": 2.2,
    "n_g": 4.4,
    "center_wavelength": 1.55e-06
}