{
    "eta": 0.996,
    "alpha": 11.51,
    "K": [
        0.10295398628822439,
        0.041635867315490904,
        0.03664953721254316,
        0.047192632799061884,
        0.06102952339339757,
        0.1490253263626467,
        0.6741512617336465
    ],
    "L": [
        6.2e-05,
        6.2e-05,
        7.749999999999999e-05,
        7.749999999999999e-05,
        7.749999999999999e-05,
        7.749999999999999e-05
    ],
    "n_eff": 2.2,
    "n_g": 4.4,
    "center_wavelength": 1.55e-06
}