{
    "eta": 0.996,
    "alpha": 11.51,
    "K": [
        0.18996255149503843,
        0.06512900441673306,
        0.17401373044752247,
        0.45367363720511167,
        0.25978231707421195,
        0.16475617143752158,
        0.6445552524808144
    ],
    "L": [
        6.2e-05,
        7.749999999999999e-05,
        6.2e-05,
        6.2e-05,
        7.749999999999999e-05,
        7.749999999999999e-05
    ],
    "n_eff": 2.2,
    "n_g": 4.4,
    "center_wavelength": 1.55e-06
}