{
    "eta": 0.996,
    "alpha": 52.96,
    "K": [
        0.9789276694211919,
        0.598507675212668,
        0.8401500953488283,
        0.1309620010703656,
        0.06207424817747509,
        0.09377037948551264,
        0.3768231428383658
    ],
    "L": [
        5.5e-05,
        5.5e-05,
        5.5e-05,
        8.24e-05,
        8.24e-05,
        8.24e-05
    ],
    "n_eff": 2.2,
    "n_g": 4.4,
    "center_wavelength": 1.55e-06
}