{
    "eta": 0.996,
    "alpha": 52.96,
    "K": [
        0.09240105529096782,
        0.13600556689698323,
        0.8684811900555774,
        0.1828442403423544,
        0.02656446627165615,
        0.03417841678167055,
        0.38345424107101145
    ],
    "L": [
        6.2e-05,
        6.2e-05,
        7.749999999999999e-05,
        7.749999999999999e-05,
        7.749999999999999e-05,
        7.749999999999999e-05
    ],
    "n_eff": 2.2,
    "n_g": 4.4,
    "center_wavelength": 1.55e-06
}