{
    "eta": 0.996,
    "alpha": 52.96,
    "K": [
        0.16463848622549707,
        0.02590273439915922,
        0.024476385684363854,
        0.04617421317208313,
        0.030785253076543662,
        0.029927891109035893,
        0.3307626912334883
    ],
    "L": [
        6.2e-05,
        6.2e-05,
        7.749999999999999e-05,
        7.749999999999999e-05,
        7.749999999999999e-05,
        7.749999999999999e-05
    ],
    "n_eff": 2.2,
    "n_g": 4.4,
    "center_wavelength": 1.55e-06
}