{
    "eta": 0.996,
    "alpha": 52.96,
    "K": [
        0.3867651568479247,
        0.042232301339896916,
        0.029713919022425872,
        0.020741591417853422,
        0.024386774850631177,
        0.10526899974558024,
        0.09167776371595782
    ],
    "L": [
        6.2e-05,
        6.2e-05,
        7.749999999999999e-05,
        6.2e-05,
        7.749999999999999e-05,
        7.749999999999999e-05
    ],
    "n_eff": 2.2,
    "n_g": 4.4,
    "center_wavelength": 1.55e-06
}