{
    "eta": 0.996,
    "alpha": 52.96,
    "K": [
        0.057964403615492766,
        0.06684383769174473,
        0.02872391419053727,
        0.02506839657852017,
        0.03134444063722641,
        0.07327803364551938,
        0.4892470792825811
    ],
    "L": [
        6.2e-05,
        6.2e-05,
        7.749999999999999e-05,
        6.2e-05,
        7.749999999999999e-05,
        7.749999999999999e-05
    ],
    "n_eff": 2.2,
    "n_g": 4.4,
    "center_wavelength": 1.55e-06
}