{
    "eta": 0.996,
    "alpha": 11.51,
    "K": [
        0.3478581833989655,
        0.11821785755807457,
        0.1313905156165206,
        0.11512659925823937,
        0.06648190798708925,
        0.09359854730072537,
        0.5379008380652311
    ],
    "L": [
        6.2e-05,
        6.2e-05,
        7.749999999999999e-05,
        7.749999999999999e-05,
        7.749999999999999e-05,
        7.749999999999999e-05
    ],
    "n_eff": 2.2,
    "n_g": 4.4,
    "center_wavelength": 1.55e-06
}