{
    "eta": 0.996,
    "alpha": 11.51,
    "K": [
        0.6068162677727045,
        0.062166902022335775,
        0.05676120247572886,
        0.027237273274691966,
        0.027452688411168054,
        0.07336696721271674,
        0.5594724880286309
    ],
    "L": [
        6.2e-05,
        7.749999999999999e-05,
        7.749999999999999e-05,
        6.2e-05,
        6.2e-05,
        6.2e-05
    ],
    "n_eff": 2.2,
    "n_g": 4.4,
    "center_wavelength": 1.55e-06
}