{
    "eta": 0.996,
    "alpha": 11.51,
    "K": [
        0.10706391373567074,
        0.03830442286229473,
        0.036048034329287916,
        0.05259838149361852,
        0.08201191136807415,
        0.24465264891935054,
        0.8169831659489151
    ],
    "L": [
        6.2e-05,
        6.2e-05,
        7.749999999999999e-05,
        7.749999999999999e-05,
        7.749999999999999e-05,
        7.749999999999999e-05
    ],
    "n_eff": 2.2,
    "n_g": 4.4,
    "center_wavelength": 1.55e-06
}