{
    "eta": 0.996,
    "alpha": 11.51,
    "K": [
        0.555582741675308,
        0.07713582195424756,
        0.11492420951126775,
        0.5202171206183702,
        0.3351448213738662,
        0.13926016493298532,
        0.38378727696236414
    ],
    "L": [
        7.749999999999999e-05,
        6.2e-05,
        7.749999999999999e-05,
        6.2e-05,
        7.749999999999999e-05,
        7.749999999999999e-05
    ],
    "n_eff": 2.2,
    "n_g": 4.4,
    "center_wavelength": 1.55e-06
}