{
    "eta": 0.996,
    "alpha": 11.51,
    "K": [
        0.4802093352270019,
        0.07605158325737554,
        0.09252954106013112,
        0.36943686565153466,
        0.41971876869401975,
        0.1558506951819688,
        0.3392611788118497
    ],
    "L": [
        6.2e-05,
        7.749999999999999e-05,
        7.749999999999999e-05,
        6.2e-05,
        7.749999999999999e-05,
        6.2e-05
    ],
    "n_eff": 2.2,
    "n_g": 4.4,
    "center_wavelength": 1.55e-06
}