{
    "eta": 0.996,
    "alpha": 11.51,
    "K": [
        0.6304760304380173,
        0.2240477779133725,
        0.43487839079844165,
        0.40894590766225514,
        0.10559375815871386,
        0.06241229749256599,
        0.25680071260992937
    ],
    "L": [
        7.749999999999999e-05,
        7.749999999999999e-05,
        6.2e-05,
        7.749999999999999e-05,
        7.749999999999999e-05,
        6.2e-05
    ],
    "n_eff": 2.2,
    "n_g": 4.4,
    "center_wavelength": 1.55e-06
}