{
    "eta": 0.996,
    "alpha": 52.96,
    "K": [
        0.5937979030898656,
        0.11882575602829182,
        0.0651774321901098,
        0.05319631018317261,
        0.051115943766043226,
        0.03680175717276224,
        0.12640862205106174
    ],
    "L": [
        7.749999999999999e-05,
        7.749999999999999e-05,
        7.749999999999999e-05,
        7.749999999999999e-05,
        6.2e-05,
        6.2e-05
    ],
    "n_eff": 2.2,
    "n_g": 4.4,
    "center_wavelength": 1.55e-06
}