{
    "eta": 0.996,
    "alpha": 11.51,
    "K": [
        0.4001025016154887,
        0.022458524012519854,
        0.010144363129696299,
        0.0061844306844039965,
        0.9484376525844455,
        0.9060077982437009,
        0.6215273353173686
    ],
    "L": [
        7.749999999999999e-05,
        7.749999999999999e-05,
        6.2e-05,
        7.749999999999999e-05,
        6.2e-05,
        7.749999999999999e-05
    ],
    "n_eff": 2.2,
    "n_g": 4.4,
    "center_wavelength": 1.55e-06
}