{
    "eta": 0.996,
    "alpha": 11.51,
    "K": [
        0.49155285211701444,
        0.07804079192423732,
        0.05479109155119304,
        0.3482020451390249,
        0.8727527090795347,
        0.3520814144725631,
        0.35879065259678733
    ],
    "L": [
        6.2e-05,
        7.749999999999999e-05,
        6.2e-05,
        7.749999999999999e-05,
        7.749999999999999e-05,
        6.2e-05
    ],
    "n_eff": 2.2,
    "n_g": 4.4,
    "center_wavelength": 1.55e-06
}