{
    "eta": 0.996,
    "alpha": 11.51,
    "K": [
        0.5123309926525262,
        0.15849944206732974,
        0.5998983755583863,
        0.4656120860042236,
        0.07165239051800713,
        0.0723092118257722,
        0.30652338452508243
    ],
    "L": [
        6.2e-05,
        6.2e-05,
        7.749999999999999e-05,
        6.2e-05,
        7.749999999999999e-05,
        6.2e-05
    ],
    "n_eff": 2.2,
    "n_g": 4.4,
    "center_wavelength": 1.55e-06
}