{
    "eta": 0.996,
    "alpha": 52.96,
    "K": [
        0.2209688208735585,
        0.021914686142017248,
        0.17194136397464438,
        0.7432695138881988,
        0.16598922402226723,
        0.021397667791094255,
        0.24174859201359056
    ],
    "L": [
        6.2e-05,
        6.2e-05,
        7.749999999999999e-05,
        6.2e-05,
        7.749999999999999e-05,
        7.749999999999999e-05
    ],
    "n_eff": 2.2,
    "n_g": 4.4,
    "center_wavelength": 1.55e-06
}