{
    "eta": 0.996,
    "alpha": 52.96,
    "K": [
        0.39569786797867995,
        0.44786863105534097,
        0.509302070405948,
        0.7315996250649386,
        0.5948547679492721,
        0.4558084779413362,
        0.7764879475051523
    ],
    "L": [
        5.5e-05,
        5.5e-05,
        5.5e-05,
        0.000824,
        0.000824,
        0.000824
    ],
    "n_eff": 2.2,
    "n_g": 4.4,
    "center_wavelength": 1.55e-06
}