{
    "eta": 0.996,
    "alpha": 11.51,
    "K": [
        0.28371234493564373,
        0.2532235725825024,
        0.4911003026796959,
        0.20584734643063612,
        0.06906179715473326,
        0.12136724012830924,
        0.6269601729556958
    ],
    "L": [
        6.2e-05,
        6.2e-05,
        7.749999999999999e-05,
        7.749999999999999e-05,
        7.749999999999999e-05,
        7.749999999999999e-05
    ],
    "n_eff": 2.2,
    "n_g": 4.4,
    "center_wavelength": 1.55e-06
}