{
    "eta": 0.996,
    "alpha": 11.51,
    "K": [
        0.5530469318667339,
        0.11666936393953252,
        0.034842765786497636,
        0.041009702492033576,
        0.03939026048842905,
        0.1063443408556152,
        0.6166663441215997
    ],
    "L": [
        6.2e-05,
        7.749999999999999e-05,
        6.2e-05,
        6.2e-05,
        7.749999999999999e-05,
        6.2e-05
    ],
    "n_eff": 2.2,
    "n_g": 4.4,
    "center_wavelength": 1.55e-06
}