{
    "eta": 0.996,
    "alpha": 11.51,
    "K": [
        0.2773206943348846,
        0.09730684395689526,
        0.402266148880563,
        0.5913711061051646,
        0.15595959600486664,
        0.11520917553372889,
        0.5951734733059902
    ],
    "L": [
        6.2e-05,
        7.749999999999999e-05,
        6.2e-05,
        7.749999999999999e-05,
        7.749999999999999e-05,
        7.749999999999999e-05
    ],
    "n_eff": 2.2,
    "n_g": 4.4,
    "center_wavelength": 1.55e-06
}