{
    "eta": 0.996,
    "alpha": 11.51,
    "K": [
        0.7540132009692055,
        0.15206352223543998,
        0.05642246008011276,
        0.008436856774910382,
        0.06656254330074454,
        0.054534742025488955,
        0.47917802407393495
    ],
    "L": [
        7.749999999999999e-05,
        7.749999999999999e-05,
        7.749999999999999e-05,
        6.2e-05,
        6.2e-05,
        7.749999999999999e-05
    ],
    "n_eff": 2.2,
    "n_g": 4.4,
    "center_wavelength": 1.55e-06
}