{
    "eta": 0.996,
    "alpha": 11.51,
    "K": [
        0.11664508366426651,
        0.011979138136536853,
        0.002333948461213748,
        0.09044682630417963,
        0.8944274939765947,
        0.21337669736905562,
        0.25880540214273356
    ],
    "L": [
        7.749999999999999e-05,
        7.749999999999999e-05,
        6.2e-05,
        7.749999999999999e-05,
        6.2e-05,
        6.2e-05
    ],
    "n_eff": 2.2,
    "n_g": 4.4,
    "center_wavelength": 1.55e-06
}