{
    "eta": 0.996,
    "alpha": 52.96,
    "K": [
        0.26574568605100357,
        0.03520053719098206,
        0.018034807641576174,
        0.023900763678580544,
        0.03593960776641965,
        0.024938614268493593,
        0.2664905159218127
    ],
    "L": [
        6.2e-05,
        7.749999999999999e-05,
        6.2e-05,
        7.749999999999999e-05,
        7.749999999999999e-05,
        6.2e-05
    ],
    "n_eff": 2.2,
    "n_g": 4.4,
    "center_wavelength": 1.55e-06
}