{
    "eta": 0.996,
    "alpha": 52.96,
    "K": [
        0.5098578699457167,
        0.07494316418721136,
        0.040089281519662456,
        0.033457081002880085,
        0.05083763258081703,
        0.05957997425535966,
        0.15061174826332646
    ],
    "L": [
        6.2e-05,
        6.2e-05,
        6.2e-05,
        6.2e-05,
        7.749999999999999e-05,
        7.749999999999999e-05
    ],
    "n_eff": 2.2,
    "n_g": 4.4,
    "center_wavelength": 1.55e-06
}