{
    "eta": 0.996,
    "alpha": 11.51,
    "K": [
        0.381611144428264,
        0.11833242590371007,
        0.2661376714103635,
        0.37372475781615616,
        0.10057225477784087,
        0.0773817725318991,
        0.48608353361870915
    ],
    "L": [
        7.749999999999999e-05,
        6.2e-05,
        6.2e-05,
        6.2e-05,
        7.749999999999999e-05,
        6.2e-05
    ],
    "n_eff": 2.2,
    "n_g": 4.4,
    "center_wavelength": 1.55e-06
}