{
    "eta": 0.996,
    "alpha": 11.51,
    "K": [
        0.5071710368156668,
        0.09404734295587397,
        0.4111325522337999,
        0.8347958977358221,
        0.2102721419302484,
        0.09030147860521759,
        0.3541085362630757
    ],
    "L": [
        6.2e-05,
        6.2e-05,
        7.749999999999999e-05,
        7.749999999999999e-05,
        7.749999999999999e-05,
        7.749999999999999e-05
    ],
    "n_eff": 2.2,
    "n_g": 4.4,
    "center_wavelength": 1.55e-06
}