{
    "eta": 0.996,
    "alpha": 52.96,
    "K": [
        0.38182931132959913,
        0.1412764232089211,
        0.031719365672131405,
        0.13502270508456948,
        0.016917841287484414,
        0.04331546232968636,
        0.5222647471832668
    ],
    "L": [
        9.299999999999998e-05,
        9.299999999999998e-05,
        9.299999999999998e-05,
        7.749999999999999e-05,
        7.749999999999999e-05,
        7.749999999999999e-05
    ],
    "n_eff": 2.2,
    "n_g": 4.4,
    "center_wavelength": 1.55e-06
}