{
    "eta": 0.996,
    "alpha": 11.51,
    "K": [
        0.5868262098098459,
        0.09517501254817974,
        0.03504784303244082,
        0.06532313821747736,
        0.049457503401997206,
        0.19721826976678952,
        0.8700370978626377
    ],
    "L": [
        7.749999999999999e-05,
        6.2e-05,
        7.749999999999999e-05,
        7.749999999999999e-05,
        6.2e-05,
        6.2e-05
    ],
    "n_eff": 2.2,
    "n_g": 4.4,
    "center_wavelength": 1.55e-06
}