{
    "eta": 0.996,
    "alpha": 52.96,
    "K": [
        0.38380388981034147,
        0.062126811133088565,
        0.019574238187916808,
        0.03669541638058924,
        0.053111352495013565,
        0.049940608313730685,
        0.3775056314346868
    ],
    "L": [
        7.749999999999999e-05,
        6.2e-05,
        6.2e-05,
        7.749999999999999e-05,
        7.749999999999999e-05,
        7.749999999999999e-05
    ],
    "n_eff": 2.2,
    "n_g": 4.4,
    "center_wavelength": 1.55e-06
}