{
    "eta": 0.996,
    "alpha": 11.51,
    "K": [
        0.5930655911459357,
        0.22800275486749222,
        0.41865369927495805,
        0.31535377509340873,
        0.09131591715252896,
        0.05996535335396497,
        0.2361111769870251
    ],
    "L": [
        6.2e-05,
        7.749999999999999e-05,
        6.2e-05,
        7.749999999999999e-05,
        7.749999999999999e-05,
        6.2e-05
    ],
    "n_eff": 2.2,
    "n_g": 4.4,
    "center_wavelength": 1.55e-06
}