{
    "eta": 0.996,
    "alpha": 11.51,
    "K": [
        0.8272992966799898,
        0.22370784548728118,
        0.05836594969776776,
        0.04252495970116643,
        0.03798692441501622,
        0.06519421174197537,
        0.31292266463233065
    ],
    "L": [
        6.2e-05,
        6.2e-05,
        6.2e-05,
        7.749999999999999e-05,
        6.2e-05,
        7.749999999999999e-05
    ],
    "n_eff": 2.2,
    "n_g": 4.4,
    "center_wavelength": 1.55e-06
}