{
    "eta": 0.996,
    "alpha": 52.96,
    "K": [
        0.23307019993948935,
        0.026352002215388706,
        0.030066402032166692,
        0.027982807919444748,
        0.02370282292058391,
        0.055943225326885226,
        0.19032522970903076
    ],
    "L": [
        6.2e-05,
        6.2e-05,
        7.749999999999999e-05,
        6.2e-05,
        7.749999999999999e-05,
        7.749999999999999e-05
    ],
    "n_eff": 2.2,
    "n_g": 4.4,
    "center_wavelength": 1.55e-06
}