{
    "eta": 0.996,
    "alpha": 11.51,
    "K": [
        0.2848780017920549,
        0.029975038071889948,
        0.5670466262097124,
        0.5625958844460528,
        0.0153776526316865,
        0.009815700052182796,
        0.11132254923929441
    ],
    "L": [
        6.2e-05,
        6.2e-05,
        6.2e-05,
        7.749999999999999e-05,
        7.749999999999999e-05,
        6.2e-05
    ],
    "n_eff": 2.2,
    "n_g": 4.4,
    "center_wavelength": 1.55e-06
}