{
    "eta": 0.996,
    "alpha": 11.51,
    "K": [
        0.5063446040252532,
        0.08152808596807809,
        0.8845271242726161,
        0.9249910030610348,
        0.01898230488138225,
        0.0071918967733822226,
        0.06653222279409365
    ],
    "L": [
        7.749999999999999e-05,
        6.2e-05,
        6.2e-05,
        7.749999999999999e-05,
        6.2e-05,
        7.749999999999999e-05
    ],
    "n_eff": 2.2,
    "n_g": 4.4,
    "center_wavelength": 1.55e-06
}