{
    "eta": 0.996,
    "alpha": 11.51,
    "K": [
        0.4903337591324093,
        0.07851632156506111,
        0.24673496686940183,
        0.7724812998405196,
        0.2873082327868939,
        0.09211394878512813,
        0.3219328845629594
    ],
    "L": [
        6.2e-05,
        6.2e-05,
        7.749999999999999e-05,
        7.749999999999999e-05,
        7.749999999999999e-05,
        7.749999999999999e-05
    ],
    "n_eff": 2.2,
    "n_g": 4.4,
    "center_wavelength": 1.55e-06
}