{
    "eta": 0.996,
    "alpha": 11.51,
    "K": [
        0.37559271193846905,
        0.16415472004602571,
        0.8277427884592312,
        0.2175095683160197,
        0.01487472646724717,
        0.009899371243089358,
        0.29364147897584497
    ],
    "L": [
        7.749999999999999e-05,
        6.2e-05,
        6.2e-05,
        7.749999999999999e-05,
        6.2e-05,
        6.2e-05
    ],
    "n_eff": 2.2,
    "n_g": 4.4,
    "center_wavelength": 1.55e-06
}