{
    "eta": 0.996,
    "alpha": 52.96,
    "K": [
        0.11942437631642482,
        0.013052754430664759,
        0.012145685070062381,
        0.039842817319017995,
        0.030983281538420632,
        0.02490842269629244,
        0.32424852452045955
    ],
    "L": [
        6.2e-05,
        6.2e-05,
        7.749999999999999e-05,
        7.749999999999999e-05,
        7.749999999999999e-05,
        7.749999999999999e-05
    ],
    "n_eff": 2.2,
    "n_g": 4.4,
    "center_wavelength": 1.55e-06
}