{
    "eta": 0.996,
    "alpha": 11.51,
    "K": [
        0.3064634320522026,
        0.09692105149758995,
        0.37484981349878144,
        0.6676333861707092,
        0.1816265753001468,
        0.10609257392615429,
        0.5717394115190197
    ],
    "L": [
        6.2e-05,
        7.749999999999999e-05,
        6.2e-05,
        7.749999999999999e-05,
        7.749999999999999e-05,
        7.749999999999999e-05
    ],
    "n_eff": 2.2,
    "n_g": 4.4,
    "center_wavelength": 1.55e-06
}