{
    "eta": 0.996,
    "alpha": 11.51,
    "K": [
        0.25217291777900286,
        0.013033878628220752,
        0.3612586683916936,
        0.7386467036072588,
        0.023966352141783442,
        0.006443977936631651,
        0.0827863766263649
    ],
    "L": [
        6.2e-05,
        7.749999999999999e-05,
        6.2e-05,
        6.2e-05,
        7.749999999999999e-05,
        6.2e-05
    ],
    "n_eff": 2.2,
    "n_g": 4.4,
    "center_wavelength": 1.55e-06
}