{
    "eta": 0.996,
    "alpha": 11.51,
    "K": [
        0.3808797422190221,
        0.16086119574366736,
        0.3206724717976279,
        0.2410566845667842,
        0.05528231820344892,
        0.07975871581158722,
        0.5676834973307895
    ],
    "L": [
        7.749999999999999e-05,
        6.2e-05,
        6.2e-05,
        6.2e-05,
        6.2e-05,
        7.749999999999999e-05
    ],
    "n_eff": 2.2,
    "n_g": 4.4,
    "center_wavelength": 1.55e-06
}