{
    "eta": 0.996,
    "alpha": 52.96,
    "K": [
        0.10189012082165033,
        0.03767540883860221,
        0.045981301336880886,
        0.04910439251642351,
        0.06808210127984704,
        0.1489844717466065,
        0.6786897303937014
    ],
    "L": [
        6.2e-05,
        6.2e-05,
        7.749999999999999e-05,
        7.749999999999999e-05,
        7.749999999999999e-05,
        7.749999999999999e-05
    ],
    "n_eff": 2.2,
    "n_g": 4.4,
    "center_wavelength": 1.55e-06
}