{
    "eta": 0.996,
    "alpha": 11.51,
    "K": [
        0.33402486341517595,
        0.09031324247684897,
        0.03733940533702945,
        0.03846847034992046,
        0.07611315147167502,
        0.23519130991115944,
        0.8136812565986573
    ],
    "L": [
        7.749999999999999e-05,
        7.749999999999999e-05,
        6.2e-05,
        7.749999999999999e-05,
        7.749999999999999e-05,
        7.749999999999999e-05
    ],
    "n_eff": 2.2,
    "n_g": 4.4,
    "center_wavelength": 1.55e-06
}