{
    "eta": 0.996,
    "alpha": 11.51,
    "K": [
        0.2936614302988554,
        0.15136319118611097,
        0.3750144644863529,
        0.26242408214364893,
        0.07960118235953373,
        0.11224358154916314,
        0.5987552497634115
    ],
    "L": [
        6.2e-05,
        6.2e-05,
        7.749999999999999e-05,
        7.749999999999999e-05,
        7.749999999999999e-05,
        7.749999999999999e-05
    ],
    "n_eff": 2.2,
    "n_g": 4.4,
    "center_wavelength": 1.55e-06
}