{
    "eta": 0.996,
    "alpha": 52.96,
    "K": [
        0.2743082806611035,
        0.005803714889504942,
        0.00877882817478267,
        0.26706468058302446,
        0.10151728743175578,
        0.02759624832661333,
        0.140227001310164
    ],
    "L": [
        7.749999999999999e-05,
        6.2e-05,
        7.749999999999999e-05,
        7.749999999999999e-05,
        7.749999999999999e-05,
        7.749999999999999e-05
    ],
    "n_eff": 2.2,
    "n_g": 4.4,
    "center_wavelength": 1.55e-06
}