{
    "eta": 0.996,
    "alpha": 11.51,
    "K": [
        0.15196985644689723,
        0.01696605613953147,
        0.008338119587890401,
        0.16442505387152392,
        0.9152530761474595,
        0.3867533841359854,
        0.4498981995974166
    ],
    "L": [
        6.2e-05,
        6.2e-05,
        7.749999999999999e-05,
        6.2e-05,
        6.2e-05,
        7.749999999999999e-05
    ],
    "n_eff": 2.2,
    "n_g": 4.4,
    "center_wavelength": 1.55e-06
}