{
    "eta": 0.996,
    "alpha": 11.51,
    "K": [
        0.4906235815216237,
        0.094824527467954,
        0.27540410094763146,
        0.3581431324666072,
        0.0937347881813913,
        0.09829627939934737,
        0.37650319030130214
    ],
    "L": [
        6.2e-05,
        6.2e-05,
        7.749999999999999e-05,
        6.2e-05,
        7.749999999999999e-05,
        7.749999999999999e-05
    ],
    "n_eff": 2.2,
    "n_g": 4.4,
    "center_wavelength": 1.55e-06
}