{
    "eta": 0.996,
    "alpha": 11.51,
    "K": [
        0.3162732107234323,
        0.06463621382143137,
        0.08341792785075969,
        0.42765437150401486,
        0.41172423479023235,
        0.18937860256034067,
        0.6274614422901116
    ],
    "L": [
        7.749999999999999e-05,
        6.2e-05,
        6.2e-05,
        6.2e-05,
        7.749999999999999e-05,
        7.749999999999999e-05
    ],
    "n_eff": 2.2,
    "n_g": 4.4,
    "center_wavelength": 1.55e-06
}