{
    "eta": 0.996,
    "alpha": 11.51,
    "K": [
        0.28002001491563366,
        0.10230681284339484,
        0.1318269245495498,
        0.12327179246115898,
        0.07463699892642724,
        0.1069631574845939,
        0.5650084742552103
    ],
    "L": [
        6.2e-05,
        6.2e-05,
        7.749999999999999e-05,
        7.749999999999999e-05,
        7.749999999999999e-05,
        7.749999999999999e-05
    ],
    "n_eff": 2.2,
    "n_g": 4.4,
    "center_wavelength": 1.55e-06
}