{
    "eta": 0.996,
    "alpha": 11.51,
    "K": [
        0.10027518300134648,
        0.042085206245138104,
        0.04112339332475564,
        0.06217716697141245,
        0.10640892832160166,
        0.33745963715267113,
        0.8862342940677007
    ],
    "L": [
        6.2e-05,
        6.2e-05,
        7.749999999999999e-05,
        7.749999999999999e-05,
        7.749999999999999e-05,
        7.749999999999999e-05
    ],
    "n_eff": 2.2,
    "n_g": 4.4,
    "center_wavelength": 1.55e-06
}