{
    "eta": 0.996,
    "alpha": 11.51,
    "K": [
        0.777824176202085,
        0.02763920212128429,
        0.00224092797833636,
        0.0070167388599949865,
        0.7414216921418342,
        0.7215846591109607,
        0.31630146682294913
    ],
    "L": [
        7.749999999999999e-05,
        7.749999999999999e-05,
        6.2e-05,
        7.749999999999999e-05,
        6.2e-05,
        7.749999999999999e-05
    ],
    "n_eff": 2.2,
    "n_g": 4.4,
    "center_wavelength": 1.55e-06
}