{
    "eta": 0.996,
    "alpha": 52.96,
    "K": [
        0.47296994630926525,
        0.1669450248486956,
        0.2564261551757362,
        0.3109770150704818,
        0.11835633952161884,
        0.06209586356879047,
        0.41806394338603126
    ],
    "L": [
        7.749999999999999e-05,
        6.2e-05,
        6.2e-05,
        7.749999999999999e-05,
        7.749999999999999e-05,
        7.749999999999999e-05
    ],
    "n_eff": 2.2,
    "n_g": 4.4,
    "center_wavelength": 1.55e-06
}