{
    "eta": 0.996,
    "alpha": 11.51,
    "K": [
        0.5121661740052952,
        0.07278789933992597,
        0.16384917392892712,
        0.8344586442890027,
        0.5162990587349539,
        0.1184924342907569,
        0.34522115421635524
    ],
    "L": [
        6.2e-05,
        6.2e-05,
        7.749999999999999e-05,
        7.749999999999999e-05,
        7.749999999999999e-05,
        7.749999999999999e-05
    ],
    "n_eff": 2.2,
    "n_g": 4.4,
    "center_wavelength": 1.55e-06
}