{
    "eta": 0.996,
    "alpha": 52.96,
    "K": [
        0.0984255635332349,
        0.03619432480419643,
        0.04697777484077098,
        0.05228172037805312,
        0.0689212811922566,
        0.14700774195465077,
        0.6668763108802452
    ],
    "L": [
        6.2e-05,
        6.2e-05,
        7.749999999999999e-05,
        7.749999999999999e-05,
        7.749999999999999e-05,
        7.749999999999999e-05
    ],
    "n_eff": 2.2,
    "n_g": 4.4,
    "center_wavelength": 1.55e-06
}