{
    "eta": 0.996,
    "alpha": 11.51,
    "K": [
        0.2962148221685901,
        0.07117439324795916,
        0.08342578310910094,
        0.17651563679539672,
        0.1577520225812885,
        0.10672580446926465,
        0.4993161765942289
    ],
    "L": [
        6.2e-05,
        7.749999999999999e-05,
        7.749999999999999e-05,
        7.749999999999999e-05,
        6.2e-05,
        6.2e-05
    ],
    "n_eff": 2.2,
    "n_g": 4.4,
    "center_wavelength": 1.55e-06
}