{
    "eta": 0.996,
    "alpha": 52.96,
    "K": [
        0.5481877425085433,
        0.13680288909091312,
        0.06701693626738062,
        0.06580951026485002,
        0.0859518920656392,
        0.08203029420818403,
        0.4539363980966649
    ],
    "L": [
        8.243181818181816e-05,
        8.243181818181816e-05,
        8.243181818181816e-05,
        5.495454545454545e-05,
        5.495454545454545e-05,
        5.495454545454545e-05
    ],
    "n_eff": 2.2,
    "n_g": 4.4,
    "center_wavelength": 1.55e-06
}