{
    "eta": 0.996,
    "alpha": 52.96,
    "K": [
        0.5114139583563757,
        0.08878136173560769,
        0.03311805521756263,
        0.06869938956915284,
        0.047093592916136726,
        0.10848772433032906,
        0.6553197932327953
    ],
    "L": [
        6.2e-05,
        6.2e-05,
        7.749999999999999e-05,
        7.749999999999999e-05,
        7.749999999999999e-05,
        7.749999999999999e-05
    ],
    "n_eff": 2.2,
    "n_g": 4.4,
    "center_wavelength": 1.55e-06
}