{
    "eta": 0.996,
    "alpha": 11.51,
    "K": [
        0.5224299439897269,
        0.08550384939827407,
        0.2696823606999752,
        0.9060816575131085,
        0.3914094062656002,
        0.09459065225132252,
        0.3049947154281558
    ],
    "L": [
        6.2e-05,
        6.2e-05,
        7.749999999999999e-05,
        7.749999999999999e-05,
        7.749999999999999e-05,
        7.749999999999999e-05
    ],
    "n_eff": 2.2,
    "n_g": 4.4,
    "center_wavelength": 1.55e-06
}