{
    "eta": 0.996,
    "alpha": 52.96,
    "K": [
        0.40079488348696685,
        0.03700941931020052,
        0.08287449966915328,
        0.0869751191655308,
        0.036910713948357377,
        0.06236607179102799,
        0.41058447729777253
    ],
    "L": [
        6.2e-05,
        6.2e-05,
        0.00013949999999999998,
        6.2e-05,
        6.2e-05,
        6.2e-05
    ],
    "n_eff": 2.2,
    "n_g": 4.4,
    "center_wavelength": 1.55e-06
}