{
    "eta": 0.996,
    "alpha": 11.51,
    "K": [
        0.34857471520626954,
        0.09266954080993267,
        0.1924150723312974,
        0.3328395394214374,
        0.10081353388641479,
        0.08844161782736293,
        0.5724591688301885
    ],
    "L": [
        7.749999999999999e-05,
        6.2e-05,
        6.2e-05,
        6.2e-05,
        6.2e-05,
        7.749999999999999e-05
    ],
    "n_eff": 2.2,
    "n_g": 4.4,
    "center_wavelength": 1.55e-06
}