{
    "eta": 0.996,
    "alpha": 52.96,
    "K": [
        0.65785763519096,
        0.7387384802288521,
        0.11969466102412069,
        0.09152685316374332,
        0.08686670863839518,
        0.17814107490618863,
        0.7079953031692029
    ],
    "L": [
        6.2e-05,
        6.2e-05,
        7.749999999999999e-05,
        7.749999999999999e-05,
        7.749999999999999e-05,
        7.749999999999999e-05
    ],
    "n_eff": 2.2,
    "n_g": 4.4,
    "center_wavelength": 1.55e-06
}