{
    "eta": 0.996,
    "alpha": 11.51,
    "K": [
        0.5301680626507193,
        0.09038764886255594,
        0.3345134078692109,
        0.8708359526778355,
        0.2799200405550239,
        0.08646375650754712,
        0.32438881695831584
    ],
    "L": [
        6.2e-05,
        6.2e-05,
        7.749999999999999e-05,
        7.749999999999999e-05,
        7.749999999999999e-05,
        7.749999999999999e-05
    ],
    "n_eff": 2.2,
    "n_g": 4.4,
    "center_wavelength": 1.55e-06
}