{
    "eta": 0.996,
    "alpha": 52.96,
    "K": [
        0.18258244760040965,
        0.008783811313661039,
        0.13441650859158497,
        0.3488602933844425,
        0.053126368654613454,
        0.027718316365982733,
        0.19183730415948633
    ],
    "L": [
        6.2e-05,
        6.2e-05,
        7.749999999999999e-05,
        6.2e-05,
        7.749999999999999e-05,
        7.749999999999999e-05
    ],
    "n_eff": 2.2,
    "n_g": 4.4,
    "center_wavelength": 1.55e-06
}