{
    "eta": 0.996,
    "alpha": 52.96,
    "K": [
        0.36628952843544726,
        0.04778326609612949,
        0.01922572422309275,
        0.029590336098619476,
        0.047415781074668664,
        0.046617102128805064,
        0.3561133335779845
    ],
    "L": [
        7.749999999999999e-05,
        6.2e-05,
        6.2e-05,
        7.749999999999999e-05,
        7.749999999999999e-05,
        7.749999999999999e-05
    ],
    "n_eff": 2.2,
    "n_g": 4.4,
    "center_wavelength": 1.55e-06
}