{
    "eta": 0.996,
    "alpha": 52.96,
    "K": [
        0.5257356349413643,
        0.07537954624780915,
        0.0366227253726902,
        0.031180431119788035,
        0.040217609617348826,
        0.07180293831045613,
        0.14975967099609988
    ],
    "L": [
        6.2e-05,
        6.2e-05,
        6.2e-05,
        6.2e-05,
        7.749999999999999e-05,
        7.749999999999999e-05
    ],
    "n_eff": 2.2,
    "n_g": 4.4,
    "center_wavelength": 1.55e-06
}