{
    "eta": 0.996,
    "alpha": 11.51,
    "K": [
        0.7230667914233737,
        0.383674940156737,
        0.3820643389345558,
        0.14605219945947323,
        0.04059522225077761,
        0.0620820745034128,
        0.30213780449065186
    ],
    "L": [
        7.749999999999999e-05,
        6.2e-05,
        6.2e-05,
        7.749999999999999e-05,
        6.2e-05,
        6.2e-05
    ],
    "n_eff": 2.2,
    "n_g": 4.4,
    "center_wavelength": 1.55e-06
}