{
    "eta": 0.996,
    "alpha": 52.96,
    "K": [
        0.5684404607454137,
        0.08797864704645192,
        0.030847432716961776,
        0.013277632254446503,
        0.11251566180886197,
        0.07814381593825315,
        0.45308733979461324
    ],
    "L": [
        7.749999999999999e-05,
        6.2e-05,
        6.2e-05,
        7.749999999999999e-05,
        7.749999999999999e-05,
        7.749999999999999e-05
    ],
    "n_eff": 2.2,
    "n_g": 4.4,
    "center_wavelength": 1.55e-06
}