{
    "eta": 0.996,
    "alpha": 52.96,
    "K": [
        0.5801900566251413,
        0.08457619096617192,
        0.03521063884005647,
        0.029794876199444292,
        0.035804333124983406,
        0.06144864136152455,
        0.18486333113458941
    ],
    "L": [
        6.2e-05,
        6.2e-05,
        6.2e-05,
        6.2e-05,
        7.749999999999999e-05,
        7.749999999999999e-05
    ],
    "n_eff": 2.2,
    "n_g": 4.4,
    "center_wavelength": 1.55e-06
}