{
    "eta": 0.996,
    "alpha": 11.51,
    "K": [
        0.5671716634346561,
        0.09853829448212692,
        0.12939202374799957,
        0.6280995040172599,
        0.3876811807321741,
        0.08976250547467507,
        0.30838767265493194
    ],
    "L": [
        7.749999999999999e-05,
        7.749999999999999e-05,
        6.2e-05,
        7.749999999999999e-05,
        6.2e-05,
        6.2e-05
    ],
    "n_eff": 2.2,
    "n_g": 4.4,
    "center_wavelength": 1.55e-06
}