{
    "eta": 0.996,
    "alpha": 11.51,
    "K": [
        0.33423056641347176,
        0.018155972456068727,
        0.010866717331344426,
        0.18835686548366704,
        0.974716514238876,
        0.5444171531674595,
        0.27537202668705474
    ],
    "L": [
        6.2e-05,
        6.2e-05,
        7.749999999999999e-05,
        6.2e-05,
        6.2e-05,
        7.749999999999999e-05
    ],
    "n_eff": 2.2,
    "n_g": 4.4,
    "center_wavelength": 1.55e-06
}