{
    "eta": 0.996,
    "alpha": 52.96,
    "K": [
        0.7208328706617261,
        0.039190388227700546,
        0.05606043667295442,
        0.03377595337999323,
        0.045868731151458134,
        0.08269617659978415,
        0.4890027659739808
    ],
    "L": [
        7.749999999999999e-05,
        6.2e-05,
        6.2e-05,
        7.749999999999999e-05,
        7.749999999999999e-05,
        7.749999999999999e-05
    ],
    "n_eff": 2.2,
    "n_g": 4.4,
    "center_wavelength": 1.55e-06
}