{
    "eta": 0.996,
    "alpha": 11.51,
    "K": [
        0.7548240479301748,
        0.17559748444029735,
        0.0561238882142476,
        0.036415058915753154,
        0.04095934279857969,
        0.06683584423079415,
        0.11610394894096183
    ],
    "L": [
        6.2e-05,
        6.2e-05,
        6.2e-05,
        6.2e-05,
        7.749999999999999e-05,
        7.749999999999999e-05
    ],
    "n_eff": 2.2,
    "n_g": 4.4,
    "center_wavelength": 1.55e-06
}