{
    "eta": 0.996,
    "alpha": 52.96,
    "K": [
        0.27561622068330993,
        0.03732660839050097,
        0.017632730777002788,
        0.023594482198638803,
        0.03499676514196201,
        0.04661048487386986,
        0.40396217521060723
    ],
    "L": [
        7.749999999999999e-05,
        6.2e-05,
        6.2e-05,
        7.749999999999999e-05,
        7.749999999999999e-05,
        7.749999999999999e-05
    ],
    "n_eff": 2.2,
    "n_g": 4.4,
    "center_wavelength": 1.55e-06
}