{
    "eta": 0.996,
    "alpha": 11.51,
    "K": [
        0.3621682050965385,
        0.08460022187754995,
        0.04858565745135654,
        0.13772447999984436,
        0.43834569308558813,
        0.42894796903502214,
        0.7249880750108928
    ],
    "L": [
        7.749999999999999e-05,
        7.749999999999999e-05,
        6.2e-05,
        7.749999999999999e-05,
        7.749999999999999e-05,
        7.749999999999999e-05
    ],
    "n_eff": 2.2,
    "n_g": 4.4,
    "center_wavelength": 1.55e-06
}