{
    "eta": 0.996,
    "alpha": 11.51,
    "K": [
        0.2974162688172181,
        0.06435740998512511,
        0.1815831740757498,
        0.6052857282872386,
        0.2531535307626936,
        0.11907783588171118,
        0.572549047426495
    ],
    "L": [
        6.2e-05,
        6.2e-05,
        7.749999999999999e-05,
        6.2e-05,
        7.749999999999999e-05,
        7.749999999999999e-05
    ],
    "n_eff": 2.2,
    "n_g": 4.4,
    "center_wavelength": 1.55e-06
}