{
    "eta": 0.996,
    "alpha": 11.51,
    "K": [
        0.6507429944369895,
        0.21215464227871766,
        0.3384955555511153,
        0.3014878619405176,
        0.07450108054504484,
        0.0615789394888378,
        0.2700252483435771
    ],
    "L": [
        7.749999999999999e-05,
        7.749999999999999e-05,
        6.2e-05,
        6.2e-05,
        6.2e-05,
        7.749999999999999e-05
    ],
    "n_eff": 2.2,
    "n_g": 4.4,
    "center_wavelength": 1.55e-06
}