{
    "eta": 0.996,
    "alpha": 11.51,
    "K": [
        0.3227169470218005,
        0.11927677227547155,
        0.4024977653208125,
        0.6425173872388663,
        0.1481020228752453,
        0.09491836601804864,
        0.5619624767678979
    ],
    "L": [
        6.2e-05,
        7.749999999999999e-05,
        7.749999999999999e-05,
        7.749999999999999e-05,
        7.749999999999999e-05,
        7.749999999999999e-05
    ],
    "n_eff": 2.2,
    "n_g": 4.4,
    "center_wavelength": 1.55e-06
}