{
    "eta": 0.996,
    "alpha": 11.51,
    "K": [
        0.2826571630686845,
        0.0688151205737999,
        0.03793707509479475,
        0.04289112740400568,
        0.09123886683213223,
        0.3927943581204457,
        0.9583615573832961
    ],
    "L": [
        6.2e-05,
        7.749999999999999e-05,
        6.2e-05,
        7.749999999999999e-05,
        6.2e-05,
        7.749999999999999e-05
    ],
    "n_eff": 2.2,
    "n_g": 4.4,
    "center_wavelength": 1.55e-06
}