{
    "eta": 0.996,
    "alpha": 52.96,
    "K": [
        0.31978911765047124,
        0.08581037598859148,
        0.07849132727652391,
        0.09903525010704695,
        0.06589355712344241,
        0.07873519402960011,
        0.4696430006851934
    ],
    "L": [
        6.2e-05,
        6.2e-05,
        7.749999999999999e-05,
        7.749999999999999e-05,
        7.749999999999999e-05,
        7.749999999999999e-05
    ],
    "n_eff": 2.2,
    "n_g": 4.4,
    "center_wavelength": 1.55e-06
}