{
    "eta": 0.996,
    "alpha": 52.96,
    "K": [
        0.15048901276756557,
        0.020253404481532383,
        0.019318882622688018,
        0.07066322125638969,
        0.11255786105956862,
        0.0935360893946939,
        0.4612437964242856
    ],
    "L": [
        6.2e-05,
        6.2e-05,
        7.749999999999999e-05,
        7.749999999999999e-05,
        7.749999999999999e-05,
        7.749999999999999e-05
    ],
    "n_eff": 2.2,
    "n_g": 4.4,
    "center_wavelength": 1.55e-06
}