{
    "eta": 0.996,
    "alpha": 52.96,
    "K": [
        0.45927418495581107,
        0.09302212474174865,
        0.23647440628171168,
        0.5363217159531686,
        0.21194558667391666,
        0.07697107519942276,
        0.4058780411172537
    ],
    "L": [
        6.2e-05,
        6.2e-05,
        7.749999999999999e-05,
        7.749999999999999e-05,
        7.749999999999999e-05,
        7.749999999999999e-05
    ],
    "n_eff": 2.2,
    "n_g": 4.4,
    "center_wavelength": 1.55e-06
}