{
    "eta": 0.996,
    "alpha": 11.51,
    "K": [
        0.5033451593795322,
        0.09365885077477087,
        0.1344721614902119,
        0.34991133944338493,
        0.18845210302531312,
        0.08754557235449306,
        0.3383473659261743
    ],
    "L": [
        6.2e-05,
        7.749999999999999e-05,
        6.2e-05,
        6.2e-05,
        6.2e-05,
        7.749999999999999e-05
    ],
    "n_eff": 2.2,
    "n_g": 4.4,
    "center_wavelength": 1.55e-06
}