{
    "eta": 0.996,
    "alpha": 11.51,
    "K": [
        0.27819268236505923,
        0.10715511648123255,
        0.004161692335141243,
        0.03249728949813463,
        0.34586505478531687,
        0.9378733956208785,
        0.9868772447488487
    ],
    "L": [
        7.749999999999999e-05,
        7.749999999999999e-05,
        6.2e-05,
        6.2e-05,
        7.749999999999999e-05,
        6.2e-05
    ],
    "n_eff": 2.2,
    "n_g": 4.4,
    "center_wavelength": 1.55e-06
}