{
    "eta": 0.996,
    "alpha": 11.51,
    "K": [
        0.9580022655608852,
        0.4606462893445594,
        0.11412676452770698,
        0.044017479066975784,
        0.03854441427681571,
        0.0834409360947595,
        0.33703859773854283
    ],
    "L": [
        7.749999999999999e-05,
        7.749999999999999e-05,
        7.749999999999999e-05,
        6.2e-05,
        7.749999999999999e-05,
        7.749999999999999e-05
    ],
    "n_eff": 2.2,
    "n_g": 4.4,
    "center_wavelength": 1.55e-06
}