{
    "eta": 0.996,
    "alpha": 52.96,
    "K": [
        0.4255550347249824,
        0.05915254851214219,
        0.043650745118523515,
        0.041760360799177,
        0.04528562064736402,
        0.057846256355772785,
        0.39545529879494773
    ],
    "L": [
        6.2e-05,
        6.2e-05,
        7.749999999999999e-05,
        6.2e-05,
        7.749999999999999e-05,
        7.749999999999999e-05
    ],
    "n_eff": 2.2,
    "n_g": 4.4,
    "center_wavelength": 1.55e-06
}