{
    "eta": 0.996,
    "alpha": 11.51,
    "K": [
        0.9031557207291394,
        0.37510506939002275,
        0.11120068536151186,
        0.05680781586330058,
        0.03594150331557822,
        0.03670775899656413,
        0.09472503152466728
    ],
    "L": [
        6.2e-05,
        7.749999999999999e-05,
        7.749999999999999e-05,
        7.749999999999999e-05,
        6.2e-05,
        6.2e-05
    ],
    "n_eff": 2.2,
    "n_g": 4.4,
    "center_wavelength": 1.55e-06
}