{
    "eta": 0.996,
    "alpha": 11.51,
    "K": [
        0.49238159489559974,
        0.07955810733494706,
        0.10317159864844777,
        0.5115742375171897,
        0.3971077657094022,
        0.09934243245608965,
        0.313761881421722
    ],
    "L": [
        6.2e-05,
        7.749999999999999e-05,
        6.2e-05,
        7.749999999999999e-05,
        6.2e-05,
        6.2e-05
    ],
    "n_eff": 2.2,
    "n_g": 4.4,
    "center_wavelength": 1.55e-06
}