{
    "eta": 0.996,
    "alpha": 11.51,
    "K": [
        0.030785659206688132,
        0.024885609006380704,
        0.024763925548429544,
        0.039104362127936776,
        0.06727058769332023,
        0.22659039970311662,
        0.8113464901985911
    ],
    "L": [
        6.2e-05,
        6.2e-05,
        7.749999999999999e-05,
        7.749999999999999e-05,
        7.749999999999999e-05,
        7.749999999999999e-05
    ],
    "n_eff": 2.2,
    "n_g": 4.4,
    "center_wavelength": 1.55e-06
}