{
    "eta": 0.996,
    "alpha": 11.51,
    "K": [
        0.4782715970535015,
        0.0754903347303299,
        0.08354655531045446,
        0.4569702797815306,
        0.45455986595031944,
        0.11867173244253454,
        0.3179730512416058
    ],
    "L": [
        6.2e-05,
        7.749999999999999e-05,
        6.2e-05,
        7.749999999999999e-05,
        6.2e-05,
        6.2e-05
    ],
    "n_eff": 2.2,
    "n_g": 4.4,
    "center_wavelength": 1.55e-06
}