{
    "eta": 0.996,
    "alpha": 52.96,
    "K": [
        0.4831243326778377,
        0.06753376362963377,
        0.21677936342206836,
        0.872625185421351,
        0.39276859068540493,
        0.11503590030729641,
        0.3486781171116207
    ],
    "L": [
        6.2e-05,
        6.2e-05,
        7.749999999999999e-05,
        7.749999999999999e-05,
        7.749999999999999e-05,
        7.749999999999999e-05
    ],
    "n_eff": 2.2,
    "n_g": 4.4,
    "center_wavelength": 1.55e-06
}