{
    "eta": 0.996,
    "alpha": 11.51,
    "K": [
        0.538263552139709,
        0.07727372754883557,
        0.03656720712937162,
        0.0639867094139068,
        0.0631647835209011,
        0.3355268677879152,
        0.9321432071968684
    ],
    "L": [
        6.2e-05,
        6.2e-05,
        7.749999999999999e-05,
        7.749999999999999e-05,
        7.749999999999999e-05,
        7.749999999999999e-05
    ],
    "n_eff": 2.2,
    "n_g": 4.4,
    "center_wavelength": 1.55e-06
}