{
    "eta": 0.996,
    "alpha": 52.96,
    "K": [
        0.3052659047511467,
        0.023332212167277964,
        0.020647930801475884,
        0.022599420757427942,
        0.020077159825940445,
        0.04158174796320821,
        0.3537208565157894
    ],
    "L": [
        7.749999999999999e-05,
        6.2e-05,
        6.2e-05,
        7.749999999999999e-05,
        6.2e-05,
        7.749999999999999e-05
    ],
    "n_eff": 2.2,
    "n_g": 4.4,
    "center_wavelength": 1.55e-06
}