{
    "eta": 0.996,
    "alpha": 52.96,
    "K": [
        0.18312302388036242,
        0.030892594000065242,
        0.019560678684273167,
        0.029922593685069894,
        0.02399539254887827,
        0.031072420367152846,
        0.31606909730961086
    ],
    "L": [
        6.2e-05,
        6.2e-05,
        7.749999999999999e-05,
        6.2e-05,
        7.749999999999999e-05,
        7.749999999999999e-05
    ],
    "n_eff": 2.2,
    "n_g": 4.4,
    "center_wavelength": 1.55e-06
}