{
    "eta": 0.996,
    "alpha": 52.96,
    "K": [
        0.2739557980874228,
        0.06074832017545545,
        0.07407273533330361,
        0.16280265124643867,
        0.14232650481175596,
        0.1279947945007901,
        0.5535992195410105
    ],
    "L": [
        6.2e-05,
        6.2e-05,
        7.749999999999999e-05,
        7.749999999999999e-05,
        7.749999999999999e-05,
        7.749999999999999e-05
    ],
    "n_eff": 2.2,
    "n_g": 4.4,
    "center_wavelength": 1.55e-06
}