{
    "eta": 0.996,
    "alpha": 11.51,
    "K": [
        0.10854619752074397,
        0.03820087358377355,
        0.03573554540710914,
        0.05175128952753194,
        0.0795801335886896,
        0.23460879553840572,
        0.8074296286546127
    ],
    "L": [
        6.2e-05,
        6.2e-05,
        7.749999999999999e-05,
        7.749999999999999e-05,
        7.749999999999999e-05,
        7.749999999999999e-05
    ],
    "n_eff": 2.2,
    "n_g": 4.4,
    "center_wavelength": 1.55e-06
}