{
    "eta": 0.996,
    "alpha": 11.51,
    "K": [
        0.5741303581018882,
        0.15215641246998052,
        0.3455692380840891,
        0.4615030371994363,
        0.1274106161407223,
        0.07218051854669534,
        0.3015478740269196
    ],
    "L": [
        7.749999999999999e-05,
        7.749999999999999e-05,
        6.2e-05,
        7.749999999999999e-05,
        7.749999999999999e-05,
        6.2e-05
    ],
    "n_eff": 2.2,
    "n_g": 4.4,
    "center_wavelength": 1.55e-06
}