{
    "eta": 0.996,
    "alpha": 52.96,
    "K": [
        0.09292675766745118,
        0.03889663468445681,
        0.049214508296806236,
        0.04270958992177354,
        0.06309632846707242,
        0.08051922620568874,
        0.5083113522168754
    ],
    "L": [
        6.2e-05,
        6.2e-05,
        7.749999999999999e-05,
        7.749999999999999e-05,
        7.749999999999999e-05,
        7.749999999999999e-05
    ],
    "n_eff": 2.2,
    "n_g": 4.4,
    "center_wavelength": 1.55e-06
}