{
    "eta": 0.996,
    "alpha": 11.51,
    "K": [
        0.3174714462746204,
        0.08554152999237041,
        0.23954899576091587,
        0.8509458211906141,
        0.38438271062034474,
        0.09766670640610857,
        0.52327378999149
    ],
    "L": [
        7.749999999999999e-05,
        7.749999999999999e-05,
        7.749999999999999e-05,
        7.749999999999999e-05,
        6.2e-05,
        6.2e-05
    ],
    "n_eff": 2.2,
    "n_g": 4.4,
    "center_wavelength": 1.55e-06
}