{
    "eta": 0.996,
    "alpha": 11.51,
    "K": [
        0.5829777845916166,
        0.1795175788271801,
        0.49760635262682884,
        0.5182547977533767,
        0.10534179096263674,
        0.07462165482084221,
        0.3103444735031969
    ],
    "L": [
        7.749999999999999e-05,
        7.749999999999999e-05,
        6.2e-05,
        7.749999999999999e-05,
        7.749999999999999e-05,
        6.2e-05
    ],
    "n_eff": 2.2,
    "n_g": 4.4,
    "center_wavelength": 1.55e-06
}