{
    "eta": 0.996,
    "alpha": 11.51,
    "K": [
        0.42663574538320614,
        0.2587466710170362,
        0.8867096990983929,
        0.22756568693519558,
        0.008671939724700928,
        0.018417721838503154,
        0.1554564340051836
    ],
    "L": [
        7.749999999999999e-05,
        6.2e-05,
        6.2e-05,
        7.749999999999999e-05,
        6.2e-05,
        6.2e-05
    ],
    "n_eff": 2.2,
    "n_g": 4.4,
    "center_wavelength": 1.55e-06
}