{
    "eta": 0.996,
    "alpha": 11.51,
    "K": [
        0.6535984181452829,
        0.11247291710029818,
        0.052753590489406615,
        0.050711863297067464,
        0.02473062836066654,
        0.08127400874522811,
        0.484597859076912
    ],
    "L": [
        7.749999999999999e-05,
        7.749999999999999e-05,
        7.749999999999999e-05,
        6.2e-05,
        6.2e-05,
        6.2e-05
    ],
    "n_eff": 2.2,
    "n_g": 4.4,
    "center_wavelength": 1.55e-06
}