{
    "eta": 0.996,
    "alpha": 52.96,
    "K": [
        0.5502466303992573,
        0.09161452555134746,
        0.05319990769987,
        0.04754167812262257,
        0.03531374154565458,
        0.04776020995062568,
        0.052643958862007026
    ],
    "L": [
        6.2e-05,
        7.749999999999999e-05,
        7.749999999999999e-05,
        7.749999999999999e-05,
        6.2e-05,
        6.2e-05
    ],
    "n_eff": 2.2,
    "n_g": 4.4,
    "center_wavelength": 1.55e-06
}