{
    "eta": 0.996,
    "alpha": 52.96,
    "K": [
        0.482618465401572,
        0.08649784492110763,
        0.030988428300592397,
        0.06511003727094011,
        0.04502612244308124,
        0.08830723033289783,
        0.5939572747789528
    ],
    "L": [
        6.2e-05,
        6.2e-05,
        7.749999999999999e-05,
        7.749999999999999e-05,
        7.749999999999999e-05,
        7.749999999999999e-05
    ],
    "n_eff": 2.2,
    "n_g": 4.4,
    "center_wavelength": 1.55e-06
}