{
    "eta": 0.996,
    "alpha": 52.96,
    "K": [
        0.47236861433226257,
        0.06511878906079949,
        0.050099893387186845,
        0.05439350275235355,
        0.05441698684391039,
        0.12766186443096944,
        0.7678745786471429
    ],
    "L": [
        6.2e-05,
        6.2e-05,
        7.749999999999999e-05,
        7.749999999999999e-05,
        7.749999999999999e-05,
        7.749999999999999e-05
    ],
    "n_eff": 2.2,
    "n_g": 4.4,
    "center_wavelength": 1.55e-06
}