{
    "eta": 0.996,
    "alpha": 11.51,
    "K": [
        0.5769050227348635,
        0.14302604859896972,
        0.3271500089277988,
        0.5174312093495854,
        0.12222288709534102,
        0.07310109217488685,
        0.35219470568650324
    ],
    "L": [
        7.749999999999999e-05,
        7.749999999999999e-05,
        6.2e-05,
        7.749999999999999e-05,
        6.2e-05,
        7.749999999999999e-05
    ],
    "n_eff": 2.2,
    "n_g": 4.4,
    "center_wavelength": 1.55e-06
}