{
    "eta": 0.996,
    "alpha": 11.51,
    "K": [
        0.10301903702203795,
        0.04045719798547081,
        0.03604664143096105,
        0.047019444868982595,
        0.061275455829158644,
        0.14894851082133476,
        0.6707724090864737
    ],
    "L": [
        6.2e-05,
        6.2e-05,
        7.749999999999999e-05,
        7.749999999999999e-05,
        7.749999999999999e-05,
        7.749999999999999e-05
    ],
    "n_eff": 2.2,
    "n_g": 4.4,
    "center_wavelength": 1.55e-06
}