{
    "eta": 0.996,
    "alpha": 52.96,
    "K": [
        0.09181569135303519,
        0.0402629112709017,
        0.0506300307585163,
        0.04110517639156819,
        0.05730668633531255,
        0.08151762931254014,
        0.5285005542430207
    ],
    "L": [
        6.2e-05,
        6.2e-05,
        7.749999999999999e-05,
        7.749999999999999e-05,
        7.749999999999999e-05,
        7.749999999999999e-05
    ],
    "n_eff": 2.2,
    "n_g": 4.4,
    "center_wavelength": 1.55e-06
}