{
    "eta": 0.996,
    "alpha": 11.51,
    "K": [
        0.9906972689071605,
        0.5490501870894389,
        0.11742947750161753,
        0.058513842140219756,
        0.038568978879567395,
        0.06691342266855202,
        0.3369947926669159
    ],
    "L": [
        7.749999999999999e-05,
        6.2e-05,
        7.749999999999999e-05,
        7.749999999999999e-05,
        6.2e-05,
        7.749999999999999e-05
    ],
    "n_eff": 2.2,
    "n_g": 4.4,
    "center_wavelength": 1.55e-06
}