{
    "eta": 0.996,
    "alpha": 52.96,
    "K": [
        0.9219360724794203,
        0.30747258022066526,
        0.08542414891353338,
        0.04821304677915269,
        0.06990811243687943,
        0.0625684106281943,
        0.5212823849942544
    ],
    "L": [
        6.2e-05,
        6.2e-05,
        7.749999999999999e-05,
        7.749999999999999e-05,
        7.749999999999999e-05,
        7.749999999999999e-05
    ],
    "n_eff": 2.2,
    "n_g": 4.4,
    "center_wavelength": 1.55e-06
}