{
    "eta": 0.996,
    "alpha": 11.51,
    "K": [
        0.995115123394256,
        0.7975345917207743,
        0.14847630015871954,
        0.07505736785839084,
        0.03865895141739806,
        0.07872543708079044,
        0.5858417192274245
    ],
    "L": [
        6.2e-05,
        6.2e-05,
        7.749999999999999e-05,
        7.749999999999999e-05,
        6.2e-05,
        7.749999999999999e-05
    ],
    "n_eff": 2.2,
    "n_g": 4.4,
    "center_wavelength": 1.55e-06
}