{
    "eta": 0.996,
    "alpha": 52.96,
    "K": [
        0.416328390989907,
        0.0775282971366821,
        0.03251615682986452,
        0.04734241827268587,
        0.1943016933098515,
        0.6555438795688295,
        0.9666314744833098
    ],
    "L": [
        7.749999999999999e-05,
        6.2e-05,
        6.2e-05,
        7.749999999999999e-05,
        7.749999999999999e-05,
        7.749999999999999e-05
    ],
    "n_eff": 2.2,
    "n_g": 4.4,
    "center_wavelength": 1.55e-06
}