{
    "eta": 0.996,
    "alpha": 11.51,
    "K": [
        0.2485649744664069,
        0.21681261287800457,
        0.4103103329774038,
        0.1911244519924825,
        0.07183653906396087,
        0.12678362074450295,
        0.6366273776647716
    ],
    "L": [
        6.2e-05,
        6.2e-05,
        7.749999999999999e-05,
        7.749999999999999e-05,
        7.749999999999999e-05,
        7.749999999999999e-05
    ],
    "n_eff": 2.2,
    "n_g": 4.4,
    "center_wavelength": 1.55e-06
}