{
    "eta": 0.996,
    "alpha": 11.51,
    "K": [
        0.5051309173930083,
        0.058518577765937885,
        0.03513707426541385,
        0.08574213371393052,
        0.19223757612303266,
        0.8555458046133773,
        0.9916020026760183
    ],
    "L": [
        6.2e-05,
        6.2e-05,
        7.749999999999999e-05,
        7.749999999999999e-05,
        7.749999999999999e-05,
        7.749999999999999e-05
    ],
    "n_eff": 2.2,
    "n_g": 4.4,
    "center_wavelength": 1.55e-06
}