{
    "eta": 0.996,
    "alpha": 52.96,
    "K": [
        0.139678231211118,
        0.05524534025441972,
        0.17095161492081803,
        0.09521426213056505,
        0.01250679080171746,
        0.008093576974628874,
        0.18856872431231866
    ],
    "L": [
        6.2e-05,
        6.2e-05,
        6.2e-05,
        6.2e-05,
        7.749999999999999e-05,
        7.749999999999999e-05
    ],
    "n_eff": 2.2,
    "n_g": 4.4,
    "center_wavelength": 1.55e-06
}